sex,race,base,target,pred,split
0,0,1,1,1.0,1
0,0,1,1,1.0,1
0,0,0,0,0.0,1
0,0,0,0,0.0,1
0,0,1,1,1.0,1
0,0,0,0,0.0,1
0,0,0,0,3.6355153e-33,1
0,0,0,0,0.0,1
0,0,0,0,5.1676375e-27,0
0,0,1,1,1.0,0
0,0,0,0,0.0,1
0,0,0,0,0.0,1
0,0,1,1,1.0,1
0,0,0,0,0.0,0
0,0,0,0,0.0,1
0,0,0,0,4.117673e-09,0
0,0,0,0,0.0,1
0,0,0,0,0.0,1
0,0,0,0,0.0,1
0,0,0,0,3.0539684e-26,0
0,0,0,0,0.0,0
0,0,0,0,0.0,1
0,0,0,0,0.0,1
0,0,1,1,1.0,1
0,0,0,0,0.0,1
0,0,0,0,0.0,0
0,0,1,1,1.0,1
0,0,0,0,0.0,0
0,0,0,0,0.0,1
0,0,1,1,0.0,0
0,0,0,0,0.0,1
0,0,1,0,2.4044377e-14,0
0,0,0,0,0.0,1
0,0,0,0,0.0,1
0,0,1,1,1.0,1
0,0,0,0,0.0,1
0,0,1,1,1.0,1
0,0,0,0,0.0,1
0,0,0,0,0.0,0
0,0,0,0,0.0,1
0,0,0,0,0.0,1
0,0,0,0,0.0,1
0,0,1,0,1.26776e-37,0
0,0,0,0,0.0,0
0,0,0,0,0.0,1
0,0,1,1,1.0,1
0,0,0,0,0.0,1
0,0,0,1,1.5867953e-21,0
0,0,0,0,0.0,1
0,0,1,1,0.0,0
0,0,0,0,0.0,1
0,0,0,0,0.0,1
0,0,0,1,0.0,1
0,0,0,0,0.0,1
0,0,0,0,0.0,1
0,0,1,1,1.0,0
0,0,1,1,1.0,1
0,0,1,1,1.0,1
0,0,0,0,0.0,1
0,0,0,0,5.3057936e-32,1
0,0,1,1,1.0,1
0,0,0,0,0.0,1
0,0,0,0,0.0,1
0,0,0,0,1.4689545e-32,1
0,0,0,0,0.0,1
0,0,0,0,0.0,1
0,0,0,0,0.0,0
0,0,1,1,1.0,1
0,0,0,0,0.0,1
0,0,0,0,0.0,0
0,0,0,0,0.0,1
0,0,1,1,5.60926e-11,0
0,0,0,0,1.2772268e-35,0
0,0,0,0,0.0,1
0,0,0,0,0.0,0
0,0,1,1,1.0,1
0,0,0,0,0.0,0
0,0,0,0,0.0,1
0,0,1,1,1.0,0
0,0,0,0,0.0,1
0,0,0,0,0.0,1
0,0,0,1,0.0,0
0,0,0,0,0.0,0
0,0,0,1,0.0,0
0,0,0,0,0.0,1
0,0,0,0,0.0,1
0,0,0,0,0.0,1
0,0,0,0,0.0,1
0,0,0,0,0.0,1
0,0,1,1,1.0,1
0,0,0,1,0.0,1
0,0,0,0,0.0,0
0,0,0,0,0.0,1
0,0,1,0,1.0,1
0,0,0,0,0.0,0
0,0,0,0,0.0,1
0,0,0,0,0.0,1
0,0,0,0,0.0,0
0,0,0,0,0.0,1
0,0,1,1,1.0,1
0,0,1,1,1.0,1
0,0,0,0,0.0,1
0,0,0,0,0.0,1
0,0,1,1,1.0,1
0,0,1,1,1.0,1
0,0,0,0,0.0,1
0,0,0,0,0.0,1
0,0,0,0,0.0,1
0,0,0,0,0.0,1
0,0,0,0,0.0,0
0,0,0,0,0.0,1
0,0,1,1,1.0,0
0,0,1,1,4.28739e-09,0
0,0,0,0,0.0,0
0,0,0,0,0.0,1
0,0,0,0,0.0,0
0,0,0,0,0.0,1
0,0,1,1,1.0,0
0,0,0,0,0.0,1
0,0,0,0,0.0,1
0,0,0,0,0.0,0
0,0,0,0,0.0,1
0,0,0,1,2.224343e-37,1
0,0,1,1,1.0,0
0,0,0,0,0.0,0
0,0,0,0,0.0,0
0,0,0,0,0.0,1
0,0,1,0,1.0,1
0,0,0,0,0.0,0
0,0,0,1,0.0,0
0,0,0,0,0.0,1
0,0,1,1,1.0,1
0,0,0,0,0.0,0
0,0,0,0,0.0,0
0,0,1,1,1.0,1
0,0,0,1,0.0,1
0,0,0,0,0.0,0
0,0,0,0,0.0,1
0,0,0,0,0.0,1
0,0,0,0,0.0,1
0,0,0,0,0.0,1
0,0,0,0,0.0,1
0,0,0,0,0.0,0
0,0,0,0,0.0,0
0,0,0,0,0.0,1
0,0,1,1,1.0,0
0,0,0,0,5.0532096e-34,0
0,0,0,0,0.0,1
0,0,1,1,0.0,0
0,0,0,1,0.0,1
0,0,0,0,0.0,1
0,0,0,0,1.0890342e-33,1
0,0,0,0,0.0,1
0,0,0,1,2.3370566e-30,1
0,0,0,0,0.0,0
0,0,0,0,0.0,1
0,0,1,1,1.0,1
0,0,0,0,0.0,0
0,0,0,0,0.0,1
0,0,1,1,1.0,1
0,0,0,1,0.0,1
0,0,1,1,0.010588648,0
0,0,0,0,0.0,1
0,0,0,1,1.0,0
0,0,0,0,0.0,1
0,0,0,0,0.0,1
0,0,0,0,0.0,1
0,0,1,1,1.0,1
0,0,0,0,0.0,0
0,0,0,0,0.0,0
0,0,1,1,1.0,1
0,0,1,1,1.0,1
0,0,0,0,0.0,1
0,0,0,0,0.0,1
0,0,0,0,0.0,1
0,0,0,0,0.0,0
0,0,1,1,1.0,1
0,0,0,0,0.0,1
0,0,0,1,8.034245e-31,1
0,0,0,0,0.0,1
0,0,0,0,0.0,1
0,0,0,0,0.0,1
0,0,0,0,0.0,1
0,0,0,0,1.23097445e-29,0
0,0,0,0,0.0,1
0,0,0,0,0.0,1
0,0,0,0,0.0,1
0,0,0,1,0.0,1
0,0,1,1,0.0,0
0,0,1,1,1.0,1
0,0,1,1,1.0,1
0,0,0,0,0.0,1
0,0,0,0,1.6079392e-21,0
0,0,0,0,0.0,1
0,0,0,0,0.0,1
0,0,0,0,0.0,1
0,0,0,0,0.0,0
0,0,0,0,0.0,1
0,0,0,0,0.0,1
0,0,1,1,1.0,1
0,0,1,1,1.0,0
0,0,0,0,0.0,1
0,0,0,0,0.0,1
0,0,0,1,0.0,1
0,0,0,0,0.0,1
0,0,0,1,2.5286466e-31,1
0,0,0,0,0.0,1
0,0,0,0,0.0,0
0,0,0,0,0.0,0
0,0,0,1,0.0,1
0,0,0,1,0.0,1
0,0,0,0,0.0,1
0,0,0,0,0.0,0
0,0,0,1,0.0,1
0,0,0,0,0.0,1
0,0,1,1,1.0,1
0,0,1,0,0.0,0
0,0,1,1,1.0,1
0,0,0,1,2.6901016e-21,1
0,0,0,0,0.0,1
0,0,0,0,0.0,0
0,0,1,1,1.0,1
0,0,1,1,1.0,0
0,0,0,1,0.99465275,0
0,0,0,0,0.0,1
0,0,1,1,1.0,1
0,0,0,0,0.0,1
0,0,0,0,0.0,0
0,0,0,1,0.0,1
0,0,1,1,1.0,1
0,0,0,0,1.0,0
0,0,1,1,1.0,1
0,0,0,0,0.0,1
0,0,1,1,1.0,1
0,0,0,0,0.0,1
0,0,0,0,0.0,1
0,0,0,0,0.0,1
0,0,0,0,0.0,1
0,0,0,0,0.0,1
0,0,0,0,0.0,1
0,0,0,0,0.0,1
0,0,1,0,1.0,1
0,0,0,0,0.0,0
0,0,0,0,0.0,1
0,0,0,0,0.0,1
0,0,0,0,0.0,1
0,0,0,0,0.0,1
0,0,0,0,0.0,1
0,0,0,0,0.0,1
0,0,1,0,1.0,1
0,0,0,0,0.0,1
0,0,1,1,1.0,1
0,0,0,1,3.313225e-37,1
0,0,0,0,0.0,1
0,0,0,0,3.5557023e-19,0
0,0,1,0,6.3468964e-05,0
0,0,0,1,0.0,1
0,0,0,0,0.0,1
0,0,0,0,0.0,1
0,0,0,0,0.0,0
0,0,0,0,0.0,1
0,0,0,0,0.0,1
0,0,1,1,1.0,1
0,0,0,0,0.0,1
0,0,0,0,0.0,0
0,0,0,0,4.666799e-16,0
0,0,0,1,0.0,1
0,0,1,1,1.0,1
0,0,0,0,0.0,0
0,0,0,1,0.0,1
0,0,0,1,0.0,1
0,0,0,0,0.0,1
0,0,0,1,0.0,1
0,0,0,0,0.0,1
0,0,1,0,1.2475956e-15,0
0,0,1,0,0.0,0
0,0,0,0,0.0,1
0,0,0,0,0.0,1
0,0,0,0,0.0,1
0,0,0,0,0.0,0
0,0,0,0,0.0,1
0,0,0,0,0.0,1
0,0,0,1,3.913053e-32,0
0,0,0,0,0.0,1
0,0,0,0,0.0,1
0,0,0,0,0.0,0
0,0,0,1,0.0,1
0,0,0,1,0.0,1
0,0,0,0,0.0,1
0,0,0,0,0.0,1
0,0,0,0,0.0,0
0,0,0,0,0.0,1
0,0,0,1,0.0,1
0,0,0,1,7.3468945e-23,1
0,0,0,0,0.0,1
0,0,1,1,1.0,1
0,0,0,0,0.0,0
0,0,0,1,0.0,1
0,0,0,0,0.0,1
0,0,0,0,0.0,1
0,0,0,0,0.0,1
0,0,1,1,1.0,1
0,0,0,0,0.0,1
0,0,0,1,1.0,0
0,0,0,0,0.0,1
0,0,1,1,1.0,1
0,0,0,0,0.0,1
0,0,0,0,0.0,0
0,0,0,1,0.0,0
0,0,0,0,0.0,0
0,0,0,1,5.973013e-28,0
0,0,1,1,1.0,1
0,0,0,0,0.0,1
0,0,0,0,0.0,1
0,0,0,0,0.0,1
0,0,0,0,0.0,1
0,0,0,0,0.0,0
0,0,1,1,1.0,1
0,0,0,1,0.0,1
0,0,0,0,0.0,0
0,0,1,1,1.0,1
0,0,0,0,0.0,1
0,0,0,0,0.0,1
0,0,0,0,0.0,1
0,0,1,1,4.787667e-31,0
0,0,0,1,0.0,1
0,0,0,0,0.0,1
0,0,0,0,0.0,0
0,0,0,0,0.0,1
0,0,1,1,3.955545e-11,0
0,0,0,0,0.0,1
0,0,1,1,1.0,0
0,0,0,1,0.0,1
0,0,1,1,1.0,0
0,0,0,1,8.121203e-38,1
0,0,0,1,2.239062e-15,0
0,0,0,0,0.0,1
0,0,0,0,0.0,1
0,0,0,0,0.0,0
0,0,0,0,0.0,1
0,0,0,1,8.641727e-27,0
0,0,0,0,0.0,1
0,0,0,0,0.0,1
0,0,0,1,0.0,1
0,0,0,0,0.0,1
0,0,0,0,0.0,1
0,0,0,0,0.0,1
0,0,1,1,0.0,0
0,0,0,0,0.0,0
0,0,0,0,0.0,1
0,0,0,0,0.0,1
0,0,0,0,0.0,1
0,0,0,0,0.0,1
0,0,0,0,0.0,1
0,0,0,0,0.0,1
0,0,0,0,0.0,1
0,0,0,1,0.0,1
0,0,1,1,1.0,1
0,0,0,1,0.0,1
0,0,0,0,6.619964e-32,1
0,0,0,1,0.0,1
0,0,1,1,1.0,0
0,0,0,0,0.0,1
0,0,1,0,1.0,1
0,0,0,0,0.0,1
0,0,0,0,0.0,1
0,0,0,0,0.0,1
0,0,0,0,0.0,0
0,0,0,0,3.8813196e-36,1
0,0,0,0,0.0,1
0,0,0,0,0.0,1
0,0,0,0,0.0,1
0,0,0,0,0.0,1
0,0,0,0,0.0,1
0,0,0,1,0.0,1
0,0,0,0,2.3334124e-38,0
0,0,0,0,0.0,1
0,0,0,0,0.0,0
0,0,0,0,0.0,1
0,0,0,1,0.0,1
0,0,0,0,0.0,1
0,0,0,0,0.0,1
0,0,0,0,0.0,0
0,0,0,0,0.0,1
0,0,0,0,0.0,1
0,0,0,0,0.0,0
0,0,0,0,1.567339e-37,1
0,0,1,1,2.2630707e-38,0
0,0,0,0,0.0,0
0,0,0,0,0.0,1
0,0,0,0,7.327574e-25,0
0,0,0,0,0.0,0
0,0,0,1,3.3328436e-32,0
0,0,0,0,0.0,1
0,0,0,0,0.0,1
0,0,1,1,1.0,1
0,0,1,1,2.9860346e-34,0
0,0,0,0,0.0,1
0,0,0,0,0.0,1
0,0,0,0,0.0,0
0,0,0,0,0.0,1
0,0,0,0,0.0,1
0,0,0,0,0.0,1
0,0,0,0,0.0,0
0,0,0,0,0.0,1
0,0,0,0,0.0,1
0,0,0,0,0.0,1
0,0,0,0,0.0,0
0,0,0,0,0.0,0
0,0,0,0,0.0,1
0,0,0,0,0.0,1
0,0,0,0,0.0,0
0,0,1,1,1.0,1
0,0,0,0,0.0,0
0,0,0,0,0.0,1
0,0,0,1,0.0,0
0,0,0,0,0.0,1
0,0,0,1,0.0,1
0,0,0,0,5.511498e-38,0
0,0,0,0,0.0,0
0,0,0,0,0.0,1
0,0,0,0,0.0,1
0,0,0,0,5.6617144e-37,1
0,0,0,1,4.403507e-33,1
0,0,0,0,0.0,0
0,0,0,0,0.0,1
0,0,1,1,0.0,0
0,0,0,0,0.0,0
0,0,0,0,0.0,1
0,0,0,0,0.0,1
0,0,0,0,0.0,0
0,0,0,0,0.0,1
0,0,0,0,0.0,1
0,0,1,1,1.0,0
0,0,0,0,0.0,1
0,0,0,0,0.0,1
0,0,0,0,0.0,1
0,0,0,0,0.0,0
0,0,0,0,0.0,1
0,0,0,0,0.0,1
0,0,0,0,0.0,0
0,0,0,0,2.5478414e-28,0
0,0,0,0,0.0,0
0,0,0,0,0.0,0
0,0,1,1,1.0,0
0,0,1,1,1.0,0
0,0,0,0,0.0,1
0,0,0,0,0.0,1
0,0,0,0,0.0,1
0,0,0,0,0.0,1
0,0,0,0,0.0,0
0,0,0,1,0.0,0
0,0,0,1,0.0,0
0,0,0,0,0.0,1
0,0,0,0,0.0,1
0,0,0,0,0.0,1
0,0,0,0,0.0,1
0,0,1,1,1.0,1
0,0,0,0,0.0,0
0,0,1,0,0.0,0
0,0,0,0,0.0,1
0,0,0,0,0.0,0
0,0,0,0,0.0,1
0,0,1,1,1.0,1
0,0,0,0,0.0,1
0,0,0,0,0.0,1
0,0,0,0,0.0,1
0,0,0,0,0.0,1
0,0,1,1,2.2406596e-30,0
0,0,0,0,0.0,1
0,0,1,0,1.7513766e-37,0
0,0,0,0,0.0,0
0,0,0,0,0.0,1
0,0,0,0,0.0,0
0,0,0,1,0.0,1
0,0,0,0,0.0,0
0,0,0,0,0.0,1
0,0,0,0,0.0,0
0,0,0,0,0.0,1
0,0,0,0,0.0,1
0,0,0,0,0.0,1
0,0,0,1,0.0,1
0,0,0,0,0.0,1
0,0,0,0,0.0,1
0,0,1,1,0.0,0
0,0,1,1,1.0,1
0,0,0,1,0.0,1
0,0,0,0,0.0,0
0,0,0,0,0.0,1
0,0,0,0,0.0,1
0,0,0,1,0.0,0
0,0,0,1,0.13005121,0
0,0,0,0,0.0,1
0,0,0,0,0.0,1
0,0,1,1,1.0,0
0,0,1,1,1.0,1
0,0,1,1,1.0,0
0,0,1,1,1.0,1
0,0,1,1,1.0,0
0,0,1,1,1.0,1
0,0,1,1,0.0,0
0,0,1,1,1.0,1
0,0,1,1,1.0,0
0,0,1,1,1.0,1
0,0,0,1,0.0,1
0,0,1,1,1.0,0
0,0,1,1,1.0,0
0,0,1,1,1.0,0
0,0,1,1,1.0,1
0,0,1,1,1.0,1
0,0,1,1,1.0,1
0,0,0,0,0.0,1
0,0,0,1,4.9937773e-22,0
0,0,1,1,1.0,1
0,0,1,1,1.0,1
0,0,1,1,1.0,1
0,0,1,1,1.0,0
0,0,1,1,1.0,1
0,0,1,1,1.0,1
0,0,1,1,1.0,0
0,0,1,1,1.0,1
0,0,1,1,1.0,1
0,0,1,1,2.3546572e-06,0
0,0,1,1,1.0,1
0,0,1,1,1.0,1
0,0,1,1,1.0,1
0,0,1,1,1.0,1
0,0,1,1,1.0,1
0,0,1,1,1.0,1
0,0,1,1,1.0,1
0,0,1,1,1.0,0
0,0,1,1,1.0,1
0,0,1,1,1.0,1
0,0,0,0,0.0,1
0,0,0,1,0.0,1
0,0,1,1,1.0,1
0,0,1,1,1.0,1
0,0,1,1,1.0,1
0,0,1,1,1.0,1
0,0,1,1,0.014833139,0
0,0,1,1,1.0,1
0,0,1,1,1.0,1
0,0,1,1,1.0,1
0,0,1,1,1.0,0
0,0,0,0,0.0,1
0,0,1,1,1.0,0
0,0,1,1,1.0,0
0,0,1,1,1.0,0
0,0,1,1,1.0,1
0,0,1,1,1.0,1
0,0,1,1,1.0,1
0,0,1,1,1.0,1
0,0,1,1,1.0,1
0,0,1,1,1.0,1
0,0,1,1,1.0,1
0,0,1,1,1.0,1
0,0,0,0,0.0,0
0,0,1,1,1.0,1
0,0,1,1,1.0,1
0,0,1,1,1.0,1
0,0,1,1,1.0,0
0,0,1,1,1.0,0
0,0,1,1,1.0,1
0,0,1,1,1.0,1
0,0,1,1,1.0,0
0,0,0,0,0.0,1
0,0,1,1,1.0,0
0,0,1,1,1.0,1
0,0,1,1,1.0,0
0,0,1,1,1.0,1
0,0,1,1,1.0,1
0,0,1,1,1.0,1
0,0,0,1,0.0,1
0,0,1,1,1.0,1
0,0,1,1,1.0,1
0,0,1,1,1.0,1
0,0,1,1,1.0,0
0,0,1,1,1.0,0
0,0,0,0,0.0,1
0,0,1,1,1.0,1
0,0,0,1,0.0,1
0,0,1,1,1.0,1
0,0,1,1,1.0,1
0,0,1,1,1.0,0
0,0,1,1,1.0,1
0,0,1,1,1.0,0
0,0,1,1,1.0,1
0,0,1,1,1.0,1
0,0,1,1,1.0,0
0,0,0,0,0.0,0
0,0,1,1,1.0,1
0,0,0,1,4.4582273e-37,1
0,0,1,1,1.0,1
0,0,1,1,1.0,1
0,0,1,1,1.0,0
0,0,1,1,1.0,1
0,0,1,1,1.0,1
0,0,1,1,1.0,1
0,0,1,1,1.0,1
0,0,1,1,1.0,0
0,0,1,1,1.0,1
0,0,1,1,1.0,1
0,0,1,1,1.0,1
0,0,1,1,1.0,1
0,0,0,0,1.0,0
0,0,1,1,1.0,0
0,0,1,1,1.0,0
0,0,1,1,1.0,1
0,0,1,1,1.0,1
0,0,1,1,1.0,1
0,0,1,1,1.0,1
0,0,0,0,0.0,1
0,0,1,1,1.0,1
0,0,1,1,1.0,1
0,0,1,1,1.0,1
0,0,1,1,1.0,1
0,0,1,1,1.0,1
0,0,1,1,1.0,1
0,0,0,1,0.0,1
0,0,1,1,1.0,0
0,0,1,1,1.0,0
0,0,1,1,1.0,0
0,0,0,0,2.8900005e-37,1
0,0,1,1,1.0,0
0,0,1,1,1.0,1
0,0,1,1,1.0,0
0,0,1,1,1.0,1
0,0,1,1,1.0,1
0,0,1,1,1.0,1
0,0,1,1,1.0,1
0,0,1,1,1.0,0
0,0,1,1,1.0,1
0,0,1,1,1.0,1
0,0,0,0,0.0,1
0,0,1,1,1.0,1
0,0,1,1,1.0,1
0,0,1,1,1.0,0
0,0,1,1,1.0,1
0,0,1,1,1.0,1
0,0,1,1,1.0,0
0,0,0,1,1.0,0
0,0,0,1,1.3924098e-22,0
0,0,0,1,0.0,1
0,0,0,1,0.0,1
0,0,0,1,2.1620461e-34,1
0,0,1,1,0.99999976,0
0,0,1,1,1.0,1
0,0,1,1,1.0,1
0,0,1,1,1.0,1
0,0,1,1,1.0,0
0,0,1,1,1.0,1
0,0,1,1,1.0,1
0,0,1,1,1.0,1
0,0,1,1,1.0,0
0,0,1,1,1.0,0
0,0,0,0,0.0,1
0,0,1,1,1.0,1
0,0,1,1,1.0,1
0,0,1,1,1.0,0
0,0,1,1,1.0,1
0,0,0,1,0.0,1
0,0,1,1,1.0,1
0,0,0,1,0.0,1
0,0,1,1,1.0,0
0,0,1,1,1.0,1
0,0,1,1,1.0,0
0,0,1,1,1.0,1
0,0,1,1,0.0,0
0,0,1,1,1.0,0
0,0,1,1,1.0,1
0,0,1,1,1.0,1
0,0,1,1,1.0,1
0,0,1,1,1.0,1
0,0,1,1,1.0,1
0,0,1,1,1.0,1
0,0,1,1,1.0,1
0,0,1,1,1.0,1
0,0,1,1,1.0,1
0,0,0,0,1.6022054e-32,1
0,0,1,1,1.0,1
0,0,1,1,1.0,0
0,0,1,1,1.0,1
0,0,1,1,8.082438e-07,0
0,0,1,1,1.0,1
0,0,0,1,0.0,1
0,0,1,1,1.0,1
0,0,1,1,1.0,1
0,0,1,1,1.0,1
0,0,1,1,1.0,1
0,0,0,0,0.0,1
0,0,1,1,1.0,0
0,0,1,1,1.0,0
0,0,1,1,1.0,1
0,0,1,1,1.0,0
0,0,1,1,9.062266e-33,0
0,0,1,1,1.0,1
0,0,1,1,1.0,1
0,0,1,1,1.0,1
0,0,1,1,1.0,1
0,0,1,1,1.0,0
0,0,0,0,0.0,0
0,0,1,1,1.0,0
0,0,1,1,1.0,0
0,0,1,1,1.0,1
0,0,0,0,1.0,0
0,0,1,1,1.0,1
0,0,1,1,1.0,1
0,0,1,1,1.0,1
0,0,1,1,1.0,0
0,0,1,1,1.0,1
0,0,1,1,1.0,1
0,0,0,0,0.0,1
0,0,1,1,1.0,0
0,0,1,1,1.0,0
0,0,1,1,1.0,0
0,0,0,0,0.0,1
0,0,1,1,1.0,0
0,0,1,1,1.0,0
0,0,0,0,0.0,1
0,0,1,1,5.6847397e-15,0
0,0,1,1,1.0,0
0,0,1,1,1.0,1
0,0,0,0,0.0,1
0,0,1,1,1.0,1
0,0,0,0,0.0,1
0,0,0,1,1.3640595e-33,1
0,0,0,0,0.0,1
0,0,0,0,5.782651e-33,1
0,0,1,1,1.0,0
0,0,0,0,1.8509108e-28,0
0,0,0,0,0.0,1
0,0,0,0,1.314017e-33,0
0,0,0,0,9.270904e-34,1
0,0,0,0,0.0,0
0,0,0,0,0.0,1
0,0,0,0,0.0,1
0,0,0,0,0.0,0
0,0,0,0,0.0,1
0,0,1,1,1.0,1
0,0,0,1,0.0,1
0,0,1,1,1.0,0
0,0,0,0,0.0,0
0,0,0,1,0.0,1
0,0,1,1,1.0,1
0,0,0,0,0.0,1
0,0,0,0,0.0,1
0,0,0,0,0.0,1
0,0,0,0,0.0,1
0,0,0,0,0.0,1
0,0,1,1,1.0,0
0,1,0,0,0.0,1
0,1,0,1,2.2557915e-27,1
0,1,0,0,0.0,0
0,1,1,1,1.0,0
0,1,1,1,1.0,1
0,1,0,0,0.0,1
0,1,0,0,0.0,1
0,1,0,1,5.0721575e-33,0
0,1,0,0,0.0,1
0,1,0,1,4.9488606e-26,1
0,1,0,0,0.0,1
0,1,0,0,0.0,1
0,1,0,1,0.0,1
0,1,0,0,0.0,1
0,1,0,0,0.0,1
0,1,0,1,7.334923e-27,1
0,1,0,0,1.16381146e-20,1
0,1,1,1,1.0,1
0,1,1,1,1.0,0
0,1,0,1,0.0,1
0,1,1,1,7.1371986e-08,0
0,1,1,1,1.0,1
0,1,0,1,0.0,1
0,1,0,0,0.0,1
0,1,0,0,0.0,1
0,1,0,0,0.0,1
0,1,0,0,0.0,1
0,1,0,1,0.0,1
0,1,0,1,9.110146e-30,1
0,1,0,1,1.8895993e-36,1
0,1,0,0,0.0,1
0,1,1,1,1.0,1
0,1,1,1,1.0,1
0,1,0,0,0.0,1
0,1,0,1,5.2844363e-27,1
0,1,0,0,0.0,1
0,1,0,0,0.0,1
0,1,1,1,1.0,1
0,1,0,1,0.0,1
0,1,0,0,0.0,1
0,1,0,1,0.0,1
0,1,0,1,1.9104842e-25,1
0,1,0,0,0.0,1
0,1,0,0,0.0,1
0,1,0,0,5.0136655e-30,1
0,1,1,1,1.0,0
0,1,0,0,4.125262e-30,1
0,1,0,0,0.0,1
0,1,0,0,0.0,1
0,1,0,1,6.052568e-32,0
0,1,0,0,0.0,1
0,1,0,0,0.0,0
0,1,1,1,1.0,1
0,1,0,0,0.0,1
0,1,0,1,6.345562e-37,1
0,1,1,1,1.0,1
0,1,0,0,0.0,1
0,1,1,1,1.0,1
0,1,0,1,0.0,0
0,1,0,0,0.0,1
0,1,0,0,0.0,1
0,1,0,0,0.0,1
0,1,0,1,1.2049187e-24,1
0,1,0,1,0.0,1
0,1,1,1,1.0,1
0,1,0,1,0.0,1
0,1,1,1,1.0,1
0,1,0,1,0.0,1
0,1,0,1,0.0,1
0,1,0,0,0.0,1
0,1,0,0,0.0,1
0,1,1,1,1.0,0
0,1,1,1,1.0,1
0,1,1,1,7.986418e-25,0
0,1,0,1,0.0,1
0,1,0,0,0.0,0
0,1,0,0,0.0,1
0,1,1,1,1.0,1
0,1,0,1,1.0,0
0,1,0,0,0.0,1
0,1,0,0,0.0,1
0,1,0,1,5.869593e-33,1
0,1,0,1,3.2933804e-13,0
0,1,0,0,0.0,1
0,1,0,1,0.0,0
0,1,1,1,1.0,0
0,1,0,0,0.0,0
0,1,0,1,7.713335e-28,1
0,1,1,1,1.0,1
0,1,0,0,0.0,0
0,1,0,0,4.7976303e-09,0
0,1,1,1,1.0,0
0,1,0,0,0.0,1
0,1,0,0,0.0,1
0,1,1,1,1.0,1
0,1,0,0,0.0,1
0,1,0,0,0.0,0
0,1,1,1,6.933147e-22,0
0,1,0,0,0.0,1
0,1,1,1,2.1042919e-14,0
0,1,0,0,0.0,0
0,1,0,0,0.0,1
0,1,1,1,1.0,1
0,1,0,0,0.0,1
0,1,0,0,0.0,1
0,1,1,1,1.0,1
0,1,1,1,1.0,1
0,1,0,0,0.0,1
0,1,0,0,0.0,0
0,1,0,0,0.0,0
0,1,0,0,0.0,1
0,1,1,1,1.0,0
0,1,0,0,0.0,1
0,1,0,1,3.0582764e-22,0
0,1,0,0,0.0,1
0,1,1,1,1.0,1
0,1,1,1,1.0,1
0,1,0,1,0.0,0
0,1,1,1,1.0,0
0,1,0,0,0.0,0
0,1,0,1,2.8852382e-32,1
0,1,1,1,1.0,0
0,1,0,0,0.0,1
0,1,1,1,1.0,1
0,1,0,0,0.0,1
0,1,1,1,1.0,0
0,1,0,0,0.0,0
0,1,1,1,1.0,0
0,1,1,1,1.0,1
0,1,0,0,8.5324357e-23,1
0,1,1,1,1.0,0
0,1,1,1,1.0,1
0,1,0,0,4.99393e-37,0
0,1,0,0,0.0,0
0,1,0,0,0.0,0
0,1,0,0,0.0,1
0,1,0,0,0.0,1
0,1,0,0,0.0,1
0,1,1,1,1.0,0
0,1,0,0,0.0,1
0,1,0,1,7.533811e-16,0
0,1,0,0,0.0,0
0,1,1,0,1.0,1
0,1,0,0,0.0,1
0,1,0,0,0.0,1
0,1,1,1,1.0,1
0,1,0,1,0.0,0
0,1,0,0,0.0,1
0,1,0,1,0.0,1
0,1,1,1,1.0,1
0,1,0,1,1.1032751e-20,0
0,1,0,1,0.0,1
0,1,1,1,1.0,1
0,1,0,1,7.975266e-27,1
0,1,0,0,0.0,1
0,1,0,0,0.0,1
0,1,0,0,2.116495e-34,0
0,1,0,0,0.0,1
0,1,1,1,1.0,1
0,1,1,1,1.0,1
0,1,0,0,0.0,1
0,1,0,0,0.0,1
0,1,0,0,0.0,1
0,1,0,0,0.0,1
0,1,0,1,1.296426e-26,1
0,1,1,1,1.0,1
0,1,0,1,0.0,1
0,1,0,1,1.3383092e-33,1
0,1,0,0,0.0,1
0,1,0,0,0.0,1
0,1,0,0,0.0,1
0,1,1,1,1.0,0
0,1,0,1,4.19017e-26,0
0,1,1,1,1.0,1
0,1,0,0,4.6182877e-33,1
0,1,1,1,0.0062318323,0
0,1,0,1,0.0,1
0,1,1,1,1.0,1
0,1,1,1,1.0,0
0,1,0,0,0.0,0
0,1,0,1,4.9084322e-36,1
0,1,0,0,0.0,0
0,1,1,1,1.0,1
0,1,0,1,1.3562693e-36,1
0,1,0,0,0.0,1
0,1,0,1,0.0,1
0,1,1,1,1.0,1
0,1,1,1,1.0,1
0,1,1,1,1.0,1
0,1,1,1,1.0,1
0,1,0,0,1.6863771e-16,0
0,1,1,1,1.0,1
0,1,1,1,1.0,0
0,1,1,1,1.0,1
0,1,0,0,0.0,1
0,1,1,1,1.0,1
0,1,1,1,1.0,1
0,1,0,0,0.0,1
0,1,1,1,1.0,1
0,1,1,1,1.0,1
0,1,1,1,1.0,1
0,1,0,0,0.0,1
0,1,0,1,0.0,1
0,1,0,0,0.0,1
0,1,0,0,0.0,0
0,1,0,1,0.0,1
0,1,0,0,0.0,0
0,1,0,0,0.0,0
0,1,0,0,0.0,1
0,1,1,1,1.0,1
0,1,0,0,0.0,1
0,1,1,0,1.0,1
0,1,0,0,0.0,1
0,1,0,0,0.0,0
0,1,1,1,1.0,0
0,1,0,0,0.0,0
0,1,0,0,0.0,1
0,1,1,1,1.0,0
0,1,0,1,1.0705319e-33,1
0,1,1,1,7.410434e-20,0
0,1,0,1,0.0,1
0,1,0,1,0.0,1
0,1,1,1,1.0,1
0,1,0,0,0.0,1
0,1,0,0,0.0,1
0,1,0,1,5.2592553e-28,1
0,1,1,1,1.0,1
0,1,0,1,0.0,1
0,1,0,1,0.0,1
0,1,0,0,0.0,1
0,1,1,1,1.0,0
0,1,0,1,0.0,1
0,1,0,1,1.8587506e-28,1
0,1,1,1,1.0,0
0,1,0,1,1.0,0
0,1,0,0,0.0,1
0,1,0,0,0.0,1
0,1,1,1,1.0,0
0,1,1,1,1.0,1
0,1,0,1,9.366803e-36,1
0,1,0,1,0.0,1
0,1,0,1,0.0,1
0,1,0,0,0.0,0
0,1,0,1,1.3794527e-28,0
0,1,1,1,1.0,0
0,1,0,1,0.15536782,0
0,1,0,0,0.0,0
0,1,0,0,0.0,0
0,1,1,1,1.0,1
0,1,1,1,1.0,1
0,1,0,0,0.0,1
0,1,1,1,1.0,1
0,1,1,0,1.0,1
0,1,0,0,0.0,1
0,1,0,1,0.0,0
0,1,0,1,0.0,1
0,1,0,0,0.0,1
0,1,0,0,0.0,1
0,1,0,0,0.0,1
0,1,1,1,1.0,1
0,1,0,1,0.0,1
0,1,0,0,0.0,1
0,1,0,1,2.0594806e-38,1
0,1,0,0,0.0,1
0,1,1,1,1.0,1
0,1,0,1,1.4244413e-36,1
0,1,0,1,0.0,1
0,1,0,1,9.3629395e-05,0
0,1,0,0,0.0,0
0,1,0,0,1.1910901e-31,1
0,1,1,1,1.0,1
0,1,1,1,2.3349502e-14,0
0,1,0,0,0.0,1
0,1,1,1,1.0,1
0,1,0,0,0.0,1
0,1,0,1,6.8091504e-28,1
0,1,1,1,1.0,1
0,1,0,1,0.0,0
0,1,1,1,1.0,1
0,1,0,0,0.0,0
0,1,0,0,0.0,0
0,1,1,1,1.0,0
0,1,0,1,5.5546755e-33,1
0,1,1,1,1.0,1
0,1,1,1,1.0,1
0,1,1,1,1.0,0
0,1,0,0,0.0,0
0,1,1,1,1.0,1
0,1,0,1,0.0,1
0,1,0,0,0.0,1
0,1,0,0,0.0,1
0,1,1,1,1.0,1
0,1,1,1,1.0,1
0,1,1,1,1.0,1
0,1,0,1,1.8691703e-25,1
0,1,0,0,1.3725949e-24,1
0,1,1,1,1.0,1
0,1,1,1,1.0,1
0,1,0,1,1.1057981e-29,1
0,1,1,1,1.0,0
0,1,1,1,1.0,1
0,1,0,0,0.0,0
0,1,1,1,1.0,1
0,1,1,1,1.0,1
0,1,1,1,1.0,1
0,1,0,0,0.0,1
0,1,0,1,0.0,0
0,1,0,1,7.605378e-35,0
0,1,0,0,0.0,1
0,1,1,1,1.0,1
0,1,0,1,0.0,1
0,1,1,1,1.0,1
0,1,0,0,1.742464e-33,1
0,1,1,1,1.0,1
0,1,0,1,0.0,0
0,1,1,1,1.0,0
0,1,1,1,1.0,1
0,1,0,1,0.0,1
0,1,1,1,1.0,0
0,1,1,1,1.0,0
0,1,0,1,0.0,1
0,1,0,1,0.0,1
0,1,0,0,0.9902249,0
0,1,0,1,0.0,1
0,1,0,0,3.0950347e-37,1
0,1,1,1,1.0,1
0,1,0,1,0.0,0
0,1,1,1,1.0,0
0,1,0,0,0.0,1
0,1,1,1,1.0,0
0,1,0,0,0.0,1
0,1,0,1,1.9745194e-29,1
0,1,1,1,1.0,1
0,1,0,1,0.0,1
0,1,0,1,0.0,1
0,1,0,0,0.0,1
0,1,0,0,0.0,1
0,1,1,1,1.0,1
0,1,1,1,1.0,0
0,1,1,1,1.0,1
0,1,0,0,0.0,1
0,1,1,1,1.0,1
0,1,0,0,0.0,1
0,1,0,0,3.3291873e-30,1
0,1,1,1,1.0,1
0,1,1,1,1.0,1
0,1,0,0,0.0,1
0,1,0,0,6.9264067e-37,1
0,1,1,1,1.0,1
0,1,1,1,1.0,1
0,1,0,0,0.0,0
0,1,0,0,0.0,1
0,1,0,0,0.0,1
0,1,1,1,1.0,1
0,1,1,1,1.0,1
0,1,1,1,1.0,0
0,1,1,1,1.0,1
0,1,0,0,0.0,0
0,1,1,1,1.0,1
0,1,0,0,0.0,1
0,1,0,0,0.0,1
0,1,0,0,0.0,1
0,1,0,1,0.0,1
0,1,0,0,3.3646013e-09,0
0,1,1,1,1.0,1
0,1,0,1,4.058195e-29,1
0,1,1,1,1.0,0
0,1,1,1,1.0,1
0,1,0,0,0.0,1
0,1,1,1,0.0,0
0,1,0,1,0.0,1
0,1,0,0,0.0,1
0,1,1,1,1.0,0
0,1,0,1,3.1328755e-25,1
0,1,0,1,5.080097e-33,1
0,1,1,1,1.0,1
0,1,0,0,0.0,1
0,1,0,0,0.0,1
0,1,0,1,0.0,1
0,1,0,0,0.0,1
0,1,1,1,1.0,1
0,1,0,0,0.0,0
0,1,1,1,1.0,1
0,1,1,1,1.0,1
0,1,1,1,1.0,1
0,1,1,1,1.0,1
0,1,1,1,1.0,1
0,1,0,1,0.0,1
0,1,1,1,1.0,1
0,1,0,0,4.615298e-31,1
0,1,0,0,4.9699677e-36,1
0,1,0,0,0.0,0
0,1,0,0,0.0,1
0,1,0,1,1.1122942e-33,1
0,1,0,0,0.0,0
0,1,0,1,0.0,1
0,1,1,1,1.0,1
0,1,0,1,0.0,1
0,1,1,1,1.0,1
0,1,0,0,0.0,0
0,1,1,1,1.0,1
0,1,0,0,0.0,1
0,1,1,1,1.0,1
0,1,1,1,1.0,1
0,1,1,1,1.0,1
0,1,0,0,0.0,1
0,1,1,1,1.0,0
0,1,1,1,1.0,0
0,1,1,1,1.8928467e-05,0
0,1,0,1,7.072335e-25,1
0,1,0,1,3.154093e-22,1
0,1,0,0,0.0,1
0,1,0,0,0.0,1
0,1,1,1,1.0,1
0,1,0,1,1.1886392e-31,1
0,1,0,1,0.0,1
0,1,0,0,0.0,1
0,1,1,1,1.0,1
0,1,0,1,4.1834544e-37,1
0,1,1,1,1.0,0
0,1,0,1,0.0,1
0,1,0,0,0.0,1
0,1,0,0,1.4415876e-16,0
0,1,0,0,0.0,0
0,1,0,0,0.0,1
0,1,1,1,1.0,1
0,1,1,1,1.0,0
0,1,0,0,0.0,1
0,1,0,1,0.0,1
0,1,1,1,1.0,1
0,1,0,0,3.450367e-28,1
0,1,1,1,1.0,1
0,1,1,1,1.0,1
0,1,0,1,0.0,1
0,1,0,0,0.0,1
0,1,1,1,1.0,0
0,1,0,0,0.0,1
0,1,1,1,1.0,1
0,1,1,1,1.0,1
0,1,0,1,2.2674357e-37,1
0,1,0,1,0.0,0
0,1,1,1,1.0,1
0,1,1,1,5.1836367e-13,0
0,1,0,0,0.0,1
0,1,0,1,1.0,0
0,1,0,0,0.0,0
0,1,0,0,0.0,0
0,1,1,1,1.0,1
0,1,1,1,1.0,1
0,1,1,1,0.99497485,0
0,1,1,1,1.0,1
0,1,0,0,0.0,1
0,1,1,1,4.02841e-11,0
0,1,1,1,1.0,1
0,1,0,1,0.0,1
0,1,0,1,1.6075177e-34,1
0,1,1,1,1.0,1
0,1,0,0,0.0,1
0,1,0,1,2.700879e-35,1
0,1,1,1,1.0,1
0,1,0,1,3.967272e-22,0
0,1,0,1,4.430172e-36,1
0,1,1,1,1.0,1
0,1,0,0,0.0,1
0,1,0,1,8.687344e-26,1
0,1,1,1,1.0,1
0,1,0,0,1.0,0
0,1,0,1,0.0,1
0,1,0,0,0.0,0
0,1,1,1,1.0,1
0,1,0,1,1.4229035e-37,1
0,1,1,1,1.0,1
0,1,1,1,1.0,1
0,1,0,0,2.1321322e-29,1
0,1,1,1,1.0,1
0,1,0,1,1.0289135e-30,0
0,1,0,1,0.0,1
0,1,0,1,0.0,1
0,1,0,1,0.0,1
0,1,0,0,0.0,1
0,1,1,1,1.0,0
0,1,1,1,1.0,1
0,1,0,1,2.0461479e-20,0
0,1,1,1,1.0,1
0,1,1,1,5.5131785e-31,0
0,1,0,0,1.2924486e-22,1
0,1,0,0,7.3331057e-34,0
0,1,1,1,1.0,1
0,1,0,1,0.13961595,0
0,1,0,1,0.0,1
0,1,0,0,0.0,1
0,1,0,1,1.0,0
0,1,0,0,0.0,1
0,1,1,1,1.0,1
0,1,0,1,0.0,1
0,1,1,1,1.0,1
0,1,1,1,1.0,0
0,1,1,1,1.0,1
0,1,1,1,1.0,0
0,1,1,1,1.0877447e-30,0
0,1,1,1,1.0,1
0,1,0,0,7.764219e-38,1
0,1,0,0,0.0,0
0,1,1,1,1.0,1
0,1,0,1,0.0,1
0,1,0,0,0.0,0
0,1,0,0,2.0657946e-27,1
0,1,0,1,0.0,1
0,1,1,1,9.249394e-11,0
0,1,1,1,1.0,1
0,1,1,1,1.0,1
0,1,1,1,1.0,1
0,1,0,0,1.5322233e-37,1
0,1,0,1,1.0,0
0,1,0,1,1.9129612e-35,1
0,1,0,1,1.0,0
0,1,0,0,0.0,1
0,1,0,1,0.9999988,0
0,1,1,1,5.9031582e-27,0
0,1,0,1,0.0,0
0,1,1,1,1.0,0
0,1,1,1,1.0,0
0,1,1,1,4.7665244e-14,0
0,1,0,0,0.0,0
0,1,0,1,4.8759598e-36,1
0,1,0,1,1.2620854e-37,1
0,1,1,1,1.0,1
0,1,0,0,0.0,1
0,1,1,1,1.0,0
0,1,0,0,0.0,0
0,1,1,1,1.0,0
0,1,1,1,1.0,1
0,1,1,1,1.0,1
0,1,0,1,0.0,1
0,1,0,0,0.0,0
0,1,0,0,0.0,1
0,1,1,1,1.0,1
0,1,0,1,0.0,1
0,1,0,0,0.0,0
0,1,1,1,0.31015113,0
0,1,0,0,1.0,0
0,1,1,1,1.0,1
0,1,0,1,0.0,1
0,1,1,1,1.0,1
0,1,0,1,0.0,1
0,1,0,0,0.0,1
0,1,0,1,4.6650834e-34,1
0,1,1,1,1.0,1
0,1,1,1,1.3238717e-07,0
0,1,0,1,1.0206349e-28,1
0,1,1,1,1.0,1
0,1,1,1,1.0,1
0,1,1,1,1.0,1
0,1,0,0,2.7589714e-38,1
0,1,1,1,1.0,0
0,1,0,1,1.92703e-36,1
0,1,0,0,0.0,1
0,1,0,0,0.0,1
0,1,1,1,1.0,0
0,1,1,1,7.0394617e-35,0
0,1,1,1,1.0,0
0,1,0,0,1.725329e-30,0
0,1,0,1,3.4677885e-26,1
0,1,0,1,0.0,1
0,1,0,1,0.0,1
0,1,0,0,0.0,1
0,1,1,1,1.0,1
0,1,0,0,0.0,0
0,1,0,0,0.0,1
0,1,1,1,1.0,1
0,1,1,1,1.0,1
0,1,0,0,0.0,0
0,1,1,1,1.0,1
0,1,1,1,1.0,1
0,1,0,1,0.0,1
0,1,0,1,1.0,0
0,1,0,1,0.9937975,0
0,1,1,1,3.883883e-28,0
0,1,1,1,1.0,0
0,1,0,0,0.0,1
0,1,0,1,0.12550434,0
0,1,0,1,0.0,1
0,1,0,0,1.3893162e-30,1
0,1,1,1,1.0,0
0,1,0,1,2.9771214e-24,1
0,1,1,1,1.0,1
0,1,1,1,0.051171854,0
0,1,1,1,6.58088e-34,0
0,1,1,1,1.0,1
0,1,1,1,1.0,1
0,1,0,0,0.0,1
0,1,0,1,0.0,1
0,1,1,1,1.0,1
0,1,0,1,2.1945502e-36,1
0,1,1,1,1.0,0
0,1,1,1,1.0,1
0,1,0,1,5.552108e-27,1
0,1,1,1,1.0,1
0,1,1,1,1.0,0
0,1,1,1,1.0,0
0,1,0,0,0.0,1
0,1,0,0,1.5235621e-30,0
0,1,0,0,0.0,1
0,1,0,1,1.0117703e-34,1
0,1,0,0,0.0,1
0,1,1,1,1.0,1
0,1,0,1,0.0,0
0,1,1,1,1.0,1
0,1,1,1,1.0,1
0,1,1,1,1.0,1
0,1,0,1,9.432379e-30,1
0,1,0,0,7.968996e-36,1
0,1,0,0,0.0,1
0,1,0,1,0.0,0
0,1,1,1,1.2301855e-22,0
0,1,1,1,1.0,1
0,1,0,1,0.0,1
0,1,1,1,1.0,0
0,1,1,1,1.0,1
0,1,0,1,1.0,0
0,1,0,1,0.99985814,0
0,1,0,1,7.4734184e-30,1
0,1,1,1,1.0,1
0,1,0,0,0.0,0
0,1,1,1,1.0,1
0,1,1,1,1.0,1
0,1,1,1,1.0,1
0,1,1,1,1.0,1
0,1,1,1,1.0,1
0,1,0,1,0.0,1
0,1,0,1,1.0,0
0,1,0,1,1.1161173e-37,1
0,1,1,1,1.0,1
0,1,1,1,7.842425e-10,0
0,1,0,0,0.0,1
0,1,0,0,4.948888e-38,0
0,1,0,1,1.0,0
0,1,1,1,1.0,1
0,1,1,1,1.0,0
0,1,1,1,1.0,1
0,1,0,1,0.0,1
0,1,0,1,0.0,0
0,1,1,1,1.0,0
0,1,0,0,0.0,0
0,1,1,1,1.0,1
0,1,0,0,0.0,0
0,1,1,1,5.987325e-14,0
0,1,1,1,1.0,1
0,1,1,1,1.0,1
0,1,0,1,0.0,1
0,1,1,1,1.0,1
0,1,1,1,1.0,1
0,1,0,1,2.9332336e-33,1
0,1,0,1,4.704813e-26,1
0,1,0,1,0.0,1
0,1,0,1,0.0,1
0,1,0,0,3.4458773e-38,1
0,1,0,0,0.0,1
0,1,0,1,2.233676e-25,1
0,1,1,1,1.0,1
0,1,1,1,1.0,1
0,1,1,1,1.0,1
0,1,1,1,1.0,1
0,1,0,1,0.0,0
0,1,1,1,1.0,1
0,1,1,1,1.0,1
0,1,1,1,1.0,1
0,1,0,0,0.0,1
0,1,0,0,0.0,0
0,1,0,1,0.0,1
0,1,1,1,1.0,1
0,1,1,1,1.0,1
0,1,1,1,1.0,1
0,1,1,1,1.0,1
0,1,0,1,1.0,0
0,1,0,1,0.0,1
0,1,0,1,7.104377e-25,0
0,1,1,1,1.0,1
0,1,1,1,1.0,1
0,1,0,0,0.0,1
0,1,1,1,1.0,0
0,1,0,1,2.7172417e-25,0
0,1,1,1,1.0,1
0,1,1,1,1.0,1
0,1,0,0,0.0,1
0,1,1,1,1.0,1
0,1,0,0,0.0,1
0,1,1,1,1.0,1
0,1,0,0,1.484092e-13,0
0,1,0,0,0.0,1
0,1,0,0,0.0,1
0,1,1,1,1.0,0
0,1,1,1,1.0,1
0,1,0,1,1.0,0
0,1,1,1,1.0,1
0,1,0,1,3.613735e-27,0
0,1,0,0,4.585886e-38,1
0,1,0,1,0.0,1
0,1,1,1,1.0,1
0,1,1,1,1.0,1
0,1,1,1,1.0,1
0,1,0,0,0.0,1
0,1,1,0,1.0,1
0,1,0,0,0.0,1
0,1,1,1,0.0,0
0,1,0,0,0.0,0
0,1,1,1,1.0,1
0,1,1,1,3.1515926e-10,0
0,1,0,0,0.0,0
0,1,1,1,1.0,1
0,1,1,1,1.0,1
0,1,0,1,0.0,1
0,1,0,1,7.145651e-36,1
0,1,1,1,1.0,0
0,1,0,0,0.0,1
0,1,0,0,5.200375e-31,0
0,1,1,1,1.0,1
0,1,1,1,1.0,1
0,1,0,1,0.0,1
0,1,1,1,1.0,0
0,1,1,1,1.0,1
0,1,0,1,0.0,1
0,1,0,1,1.4601884e-25,1
0,1,0,0,0.0,1
0,1,0,1,1.0189458e-37,0
0,1,0,0,0.0,0
0,1,1,1,1.0,0
0,1,0,0,0.0,1
0,1,0,0,4.280343e-37,1
0,1,0,0,1.0,0
0,1,1,1,1.0,1
0,1,0,1,0.0,1
0,1,0,1,1.1034887e-22,1
0,1,0,1,0.0,1
0,1,0,0,0.0,1
0,1,1,1,1.0,1
0,1,1,1,1.0,1
0,1,0,1,6.366891e-32,1
0,1,0,1,0.0,1
0,1,0,1,1.5991088e-18,0
0,1,0,1,9.7403905e-34,1
0,1,0,1,1.0,0
0,1,1,1,7.0730996e-30,0
0,1,1,1,1.0,1
0,1,1,1,1.0,1
0,1,0,0,0.0,0
0,1,0,1,1.0,0
0,1,1,1,1.0,1
0,1,0,1,1.8259708e-30,1
0,1,1,1,1.0,1
0,1,1,1,1.0,1
0,1,1,1,0.0004307944,0
0,1,1,1,1.0,0
0,1,0,1,0.0,0
0,1,0,1,0.0,1
0,1,0,0,0.0,1
0,1,0,0,0.0,1
0,1,1,1,1.0,0
0,1,0,0,0.0,1
0,1,1,1,1.0,1
0,1,1,1,1.0,1
0,1,1,1,1.0,0
0,1,1,1,1.0,1
0,1,1,1,1.0,1
0,1,1,1,1.0,1
0,1,1,1,1.0,0
0,1,0,1,0.0,1
0,1,0,0,0.0,1
0,1,1,1,1.0,1
0,1,0,1,0.0,1
0,1,1,1,1.720626e-19,0
0,1,1,1,1.0,0
0,1,1,1,1.0,1
0,1,1,1,1.0,0
0,1,1,1,1.0,1
0,1,0,1,0.0,1
0,1,0,1,0.0,1
0,1,0,1,1.6060696e-36,1
0,1,0,0,0.0,0
0,1,0,0,0.0,1
0,1,0,1,9.400134e-35,1
0,1,1,1,1.0,1
0,1,0,0,0.0,1
0,1,1,1,1.0,0
0,1,0,0,0.0,0
0,1,0,1,2.774235e-36,1
0,1,1,1,1.0,1
0,1,1,1,1.0,1
0,1,0,0,0.98234737,0
0,1,0,1,0.0,1
0,1,0,0,0.0,1
0,1,0,1,1.3018205e-37,1
0,1,1,1,1.0,1
0,1,1,1,1.0,1
0,1,1,1,1.0,0
0,1,1,1,1.0,1
0,1,0,0,0.0,1
0,1,0,1,1.7794881e-35,1
0,1,1,1,1.0,1
0,1,0,1,6.3721476e-37,1
0,1,1,1,1.0,1
0,1,0,0,0.0,0
0,1,0,1,2.7528872e-21,0
0,1,1,0,1.0,1
0,1,0,1,2.4942929e-15,0
0,1,1,1,1.0,1
0,1,1,1,1.0,0
0,1,0,1,1.0779244e-33,1
0,1,1,1,1.0,1
0,1,0,0,0.0,1
0,1,1,1,1.0,0
0,1,0,1,0.0031807537,0
0,1,0,0,0.0,1
0,1,1,1,0.998329,0
0,1,1,1,1.0,1
0,1,1,1,1.0,1
0,1,1,1,1.0,0
0,1,1,1,1.0,0
0,1,1,1,1.0,1
0,1,0,1,6.3649377e-06,0
0,1,1,1,1.0,1
0,1,0,0,0.0,1
0,1,0,0,1.1361648e-31,0
0,1,0,0,0.0,1
0,1,1,1,1.0,1
0,1,1,1,1.0,1
0,1,1,1,1.0,1
0,1,0,0,0.0,1
0,1,1,1,1.0,1
0,1,0,0,0.0,1
0,1,1,1,1.0,0
0,1,1,1,1.0,1
0,1,1,1,1.0,1
0,1,0,1,8.488131e-21,0
0,1,0,0,0.0,1
0,1,0,0,0.0,0
0,1,1,1,0.010537147,0
0,1,1,1,1.0,0
0,1,0,1,4.4969593e-25,0
0,1,1,1,1.0,1
0,1,1,1,1.0,1
0,1,1,1,1.0,1
0,1,0,0,0.0,1
0,1,0,0,0.0,0
0,1,1,1,1.0,1
0,1,0,0,0.0,0
0,1,0,0,3.0850987e-29,1
0,1,1,1,1.0,0
0,1,1,1,1.0,1
0,1,1,1,1.0,1
0,1,1,1,1.0,1
0,1,1,1,1.0,1
0,1,1,1,1.0,1
0,1,1,1,1.0,1
0,1,0,0,6.65313e-24,0
0,1,1,1,1.0,0
0,1,0,0,0.0,1
0,1,1,1,1.0,0
0,1,0,0,0.0,1
0,1,0,1,2.7096372e-15,0
0,1,0,0,1.0,0
0,1,0,1,0.0,0
0,1,1,1,1.0,0
0,1,0,1,0.0,1
0,1,1,1,3.548243e-23,0
0,1,0,0,0.0,1
0,1,1,1,1.0,1
0,1,0,0,0.0,0
0,1,0,1,0.0,1
0,1,0,1,1.1723062e-24,1
0,1,0,1,0.0,1
0,1,1,1,0.0,0
0,1,0,1,0.0,1
0,1,0,1,0.0,1
0,1,1,1,1.0,1
0,1,0,1,0.0,1
0,1,1,1,1.0,0
0,1,0,1,1.5270602e-36,1
0,1,0,0,0.0,1
0,1,0,0,0.0,1
0,1,1,1,1.0,1
0,1,0,1,0.0,0
0,1,1,1,1.0,1
0,1,0,1,3.3018074e-29,1
0,1,0,1,0.0,0
0,1,0,0,0.0,0
0,1,1,1,1.0,1
0,1,0,1,0.0,1
0,1,1,1,1.0,0
0,1,0,0,0.0,1
0,1,0,0,4.649676e-28,0
0,1,1,1,1.0,1
0,1,0,1,2.822391e-26,1
0,1,1,1,1.0,1
0,1,1,1,1.0,1
0,1,0,1,6.072939e-26,1
0,1,1,1,1.0,0
0,1,1,1,1.0,1
0,1,0,0,0.0,1
0,1,1,1,1.0,1
0,1,0,0,1.1708694e-35,1
0,1,0,0,0.0,0
0,1,0,0,0.0,1
0,1,0,1,0.0,1
0,1,1,1,1.0,1
0,1,1,1,1.0,1
0,1,0,1,1.1534433e-34,1
0,1,0,1,3.092744e-30,0
0,1,1,1,1.0,0
0,1,0,1,0.0,1
0,1,0,1,2.8036986e-33,1
0,1,0,0,7.119849e-38,1
0,1,0,0,0.0,0
0,1,0,0,0.0,1
0,1,0,1,0.0,1
0,1,1,1,1.0,1
0,1,1,1,1.0,1
0,1,0,0,0.0,0
0,1,1,1,1.0,1
0,1,1,1,1.0,1
0,1,1,1,1.0,1
0,1,0,1,1.0,0
0,1,0,0,1.188601e-19,1
0,1,0,0,0.0,0
0,1,1,1,1.0,0
0,1,0,0,0.0,1
0,1,0,1,6.682575e-27,0
0,1,0,1,1.4008062e-22,1
0,1,0,1,9.102394e-31,1
0,1,0,1,1.6985402e-24,1
0,1,0,1,5.373147e-26,0
0,1,1,1,1.8149176e-05,0
0,1,1,1,1.0,1
0,1,1,1,1.0,0
0,1,0,1,3.7975296e-37,1
0,1,0,0,0.0,0
0,1,1,0,1.6722755e-33,0
0,1,1,1,1.0,1
0,1,1,1,2.0512579e-21,0
0,1,1,1,1.0,1
0,1,0,0,0.0,1
0,1,0,1,1.5671642e-31,1
0,1,1,1,1.0,1
0,1,0,1,0.0,1
0,1,1,1,3.0615079e-12,0
0,1,0,0,0.0,0
0,1,1,1,1.0,1
0,1,0,0,0.0,0
0,1,1,1,1.0,1
0,1,0,0,0.0,1
0,1,0,1,0.0,1
0,1,0,1,5.571727e-37,1
0,1,1,1,1.0,1
0,1,1,1,1.0,1
0,1,1,1,1.0,1
0,1,0,0,0.0,1
0,1,0,0,2.1808877e-37,1
0,1,0,1,2.5943377e-37,1
0,1,1,1,1.0,0
0,1,0,1,5.2443674e-29,1
0,1,0,1,1.1456577e-37,1
0,1,1,1,1.0,1
0,1,1,1,1.0,1
0,1,0,0,0.0,0
0,1,1,1,1.0,1
0,1,0,1,0.0,0
0,1,1,1,1.0,1
0,1,0,1,0.0,1
0,1,0,0,4.387313e-24,1
0,1,0,1,0.0,0
0,1,0,1,3.2625576e-28,1
0,1,0,0,0.0,1
0,1,0,1,4.2328693e-35,0
0,1,0,0,0.0,0
0,1,0,0,3.1055769e-34,0
0,1,1,1,1.0,0
0,1,1,1,1.0,1
0,1,0,1,1.0,0
0,1,0,0,5.50566e-29,1
0,1,0,0,0.0,1
0,1,1,1,0.99998033,0
0,1,1,1,1.0,0
0,1,0,1,0.0,0
0,1,0,0,0.0,0
0,1,0,0,2.7213363e-27,1
0,1,0,0,0.0,0
0,1,1,1,1.0,0
0,1,0,1,3.0837738e-26,0
0,1,1,1,1.0,1
0,1,0,0,0.0,1
0,1,0,0,0.0,0
0,1,1,1,1.0,0
0,1,1,1,1.0,1
0,1,0,1,0.0,1
0,1,1,1,1.0,1
0,1,1,1,1.0,0
0,1,0,1,4.0340733e-35,1
0,1,1,1,1.0,1
0,1,0,1,4.641743e-33,1
0,1,1,0,1.0,1
0,1,0,1,3.710385e-35,1
0,1,0,0,0.0,1
0,1,1,1,1.0,1
0,1,1,1,1.0,1
0,1,1,1,1.0,1
0,1,1,1,1.0,1
0,1,0,1,1.0,0
0,1,1,1,1.0,1
0,1,0,1,0.0,1
0,1,0,0,0.0,1
0,1,0,1,7.268872e-29,1
0,1,0,1,1.8535841e-33,1
0,1,0,0,0.0,1
0,1,1,1,1.0,1
0,1,1,1,0.6505023,0
0,1,1,1,1.0,1
0,1,0,0,4.6053745e-33,1
0,1,1,1,1.0,1
0,1,0,1,6.8054874e-36,1
0,1,0,1,0.0,0
0,1,0,0,0.0,1
0,1,0,0,0.0,1
0,1,1,1,1.0,1
0,1,0,0,0.0,1
0,1,1,1,1.0,1
0,1,0,0,0.0,1
0,1,0,1,1.0,0
0,1,0,0,2.8057437e-32,1
0,1,0,0,7.383999e-26,1
0,1,0,1,2.2408545e-24,1
0,1,0,1,0.0,1
0,1,1,1,1.0,0
0,1,0,0,1.722276e-32,1
0,1,0,1,1.3598656e-27,1
0,1,0,0,0.0,1
0,1,0,1,4.6592204e-24,1
0,1,0,0,0.0,1
0,1,0,0,0.0,0
0,1,0,1,1.1623537e-24,1
0,1,0,0,0.0,0
0,1,0,0,0.0,1
0,1,0,1,1.7153801e-30,1
0,1,1,1,1.0,0
0,1,0,0,0.0,0
0,1,1,1,1.0,1
0,1,0,0,0.0,1
0,1,0,0,1.0259964e-32,0
0,1,1,1,1.0,1
0,1,0,0,0.0,1
0,1,0,1,0.0,1
0,1,0,1,0.0,0
0,1,0,1,0.0,1
0,1,0,0,0.0,1
0,1,0,1,3.483614e-14,0
0,1,0,0,0.0,0
0,1,1,1,1.0,1
0,1,0,0,0.0,1
0,1,0,0,0.0,0
0,1,0,0,0.0,1
0,1,0,1,1.0,0
0,1,0,0,3.586371e-24,1
0,1,0,0,0.0,1
0,1,1,1,1.0,1
0,1,1,1,2.3808276e-35,0
0,1,0,1,0.0,1
0,1,1,1,1.0,0
0,1,0,0,0.0,1
0,1,0,0,7.6113746e-38,1
0,1,0,0,0.0,0
0,1,0,0,0.0,0
0,1,0,1,3.1018383e-25,1
0,1,0,0,0.0,0
0,1,1,1,1.0,1
0,1,0,0,7.864915e-31,1
0,1,0,1,0.0,1
0,1,0,0,0.0,0
0,1,0,0,0.0,0
0,1,0,1,5.2734546e-22,0
0,1,0,0,0.0,1
0,1,0,0,0.0,1
0,1,0,0,0.0,1
0,1,1,1,1.0,0
0,1,1,1,1.0,0
0,1,0,0,0.0,1
0,1,0,0,1.8620463e-25,0
0,1,0,0,0.0,1
0,1,1,1,1.0,0
0,1,1,1,1.0,0
0,1,0,0,4.6171506e-37,1
0,1,0,0,0.0,1
0,1,1,1,5.9798148e-18,0
0,1,1,1,1.0,1
0,1,0,1,0.0,0
0,1,1,1,1.0,0
0,1,0,0,5.7595776e-26,1
0,1,1,1,1.0,1
0,1,0,0,0.0,1
0,1,0,0,0.0,1
0,1,0,0,0.0,0
0,1,1,1,1.0,1
0,1,0,0,0.0,1
0,1,1,1,1.0,0
0,1,0,0,0.0,1
0,1,1,1,1.0,1
0,1,1,1,1.4426837e-29,0
0,1,0,0,6.0276716e-36,1
0,1,0,0,0.0,0
0,1,0,0,0.0,1
0,1,0,0,0.0,1
0,1,0,0,8.668288e-12,0
0,1,0,0,0.0,0
0,1,0,1,0.0,1
0,1,0,0,0.0,1
0,1,0,0,0.0,1
0,1,1,1,0.99865216,0
0,1,0,0,0.0,1
0,1,0,0,6.3925047e-21,1
0,1,0,1,7.1302457e-34,1
0,1,0,0,0.0,1
0,1,0,1,6.864531e-32,1
0,1,0,0,0.0,1
0,1,0,0,0.0,1
0,1,0,0,1.8172671e-34,1
0,1,0,0,6.293251e-37,1
0,1,0,0,0.0,1
0,1,0,0,0.0,1
0,1,0,0,0.0,0
0,1,0,0,0.0,1
0,1,1,1,1.0,1
0,1,0,0,1.1769313e-30,0
0,1,0,0,0.0,1
0,1,0,0,2.2525378e-15,0
0,1,0,0,0.0,0
0,1,0,0,0.0,1
0,1,0,0,0.0,1
0,1,0,0,0.0,0
0,1,0,0,3.967471e-21,1
0,1,0,0,0.0,0
0,1,0,0,0.0,1
0,1,0,0,1.3166016e-32,1
0,1,0,0,0.0,0
0,1,1,1,1.0,1
0,1,0,0,0.0,1
0,1,0,0,0.0,1
0,1,0,0,0.0,1
0,1,0,0,0.0,1
0,1,0,1,0.0,1
0,1,0,0,1.6372967e-36,1
0,1,0,0,0.0,1
0,1,0,0,0.0,1
0,1,0,0,0.0,0
0,1,0,0,2.3201232e-32,1
0,1,0,0,0.0,0
0,1,1,1,1.0,1
0,1,0,0,0.0,1
0,1,0,0,0.0,1
0,1,0,0,0.0,0
0,1,0,0,0.0,1
0,1,0,1,0.0,0
0,1,0,0,0.0,0
0,1,0,0,0.0,1
0,1,0,0,0.0,1
0,1,1,1,1.0,0
0,1,0,0,0.0,0
0,1,0,1,0.0,0
0,1,0,0,0.0,1
0,1,0,0,0.0,1
0,1,0,0,6.3879184e-37,1
0,1,0,0,0.0,1
0,1,0,0,4.3210516e-34,1
0,1,0,0,0.0,1
0,1,0,0,0.0,1
0,1,0,0,0.0,1
0,1,0,1,0.0,1
0,1,0,0,0.0,1
0,1,0,0,2.9044027e-36,1
0,1,0,0,0.0,1
0,1,0,0,0.0,1
0,1,0,0,0.0,0
0,1,0,0,0.0,1
0,1,0,0,0.0,1
0,1,0,0,0.0,1
0,1,0,0,0.0,0
0,1,0,1,0.0,1
0,1,0,0,0.0,1
0,1,0,0,7.021845e-34,0
0,1,0,0,0.0,1
0,1,0,0,0.0,1
0,1,0,1,1.0455844e-20,0
0,1,1,1,1.0,1
0,1,0,0,0.0,1
0,1,0,0,0.0,1
0,1,0,1,1.4921263e-33,0
0,1,0,1,1.0,0
0,1,0,0,0.0,1
0,1,0,0,1.5130044e-29,1
0,1,0,0,0.0,0
0,1,0,0,0.0,1
0,1,0,0,1.1171711e-34,1
0,1,0,0,0.0,1
0,1,0,1,0.0,0
0,1,0,0,0.0,1
0,1,0,0,0.0,0
0,1,0,0,0.0,1
0,1,0,0,0.0,0
0,1,0,1,2.4694332e-36,1
0,1,0,1,4.850306e-35,1
0,1,0,0,0.0,0
0,1,0,0,0.0,1
0,1,0,0,9.7047456e-27,0
0,1,0,0,0.0,0
0,1,0,0,0.0,1
0,1,0,1,0.0,1
0,1,0,0,0.0,0
0,1,0,0,0.0,0
0,1,0,0,7.9758103e-28,0
0,1,0,0,0.0,1
0,1,0,0,0.0,1
0,1,0,0,0.0,1
0,1,0,0,0.0,1
0,1,1,1,1.0,1
0,1,0,0,2.6411556e-33,0
0,1,0,0,0.0,1
0,1,0,1,0.0,1
0,1,0,1,3.1082325e-26,0
0,1,1,1,1.0,1
0,1,0,0,0.0,0
0,1,0,0,0.0,1
0,1,0,0,9.810346e-34,1
0,1,0,0,0.0,1
0,1,0,0,0.0,1
0,1,0,0,1.5971228e-24,0
0,1,0,0,0.0,1
0,1,0,0,0.0,1
0,1,0,1,0.0,0
0,1,0,1,0.0,1
0,1,0,0,0.0,1
0,1,0,0,0.0,1
0,1,0,0,0.0,1
0,1,0,0,0.0,1
0,1,0,0,0.0,1
0,1,0,1,2.7731192e-17,0
0,1,0,0,0.0,1
0,1,1,1,1.0,0
0,1,0,0,0.0,1
0,1,0,1,0.0,1
0,1,0,1,0.0,0
0,1,0,0,0.0,1
0,1,0,0,0.0,1
0,1,0,0,0.0,1
0,1,0,0,0.0,0
0,1,0,0,0.0,1
0,1,0,0,0.0,1
0,1,0,0,4.588684e-31,0
0,1,0,1,0.0,1
0,1,0,0,5.3993426e-34,1
0,1,0,1,0.0,1
0,1,0,0,0.0,1
0,1,0,1,6.0031424e-28,1
0,1,0,0,0.0,1
0,1,0,0,0.0,1
0,1,0,0,0.0,1
0,1,0,0,0.0,1
0,1,0,0,0.0,1
0,1,0,0,0.0,0
0,1,0,0,0.0,0
0,1,0,1,3.1897577e-18,1
0,1,0,0,0.0,0
0,1,0,0,0.0,1
0,1,0,0,0.0,1
0,1,0,0,0.0,1
0,1,0,0,2.0826129e-38,1
0,1,0,0,0.0,1
0,1,0,0,0.0,1
0,1,0,0,0.0,1
0,1,0,0,0.0,1
0,1,0,0,3.271553e-37,1
0,1,0,0,1.2146806e-37,1
0,1,0,0,0.0,0
0,1,0,0,0.0,1
0,1,0,0,0.0,1
0,1,0,0,0.0,1
0,1,0,0,0.0,0
0,1,0,0,0.0,0
0,1,0,0,0.0,1
0,1,0,0,7.8174606e-27,1
0,1,0,1,0.0,1
0,1,0,0,0.0,1
0,1,0,1,2.0316278e-34,1
0,1,0,0,0.0,1
0,1,0,0,0.0,1
0,1,0,0,0.0,1
0,1,0,0,3.9049202e-35,1
0,1,0,0,0.0,1
0,1,0,0,0.0,0
0,1,0,0,2.564965e-36,1
0,1,0,0,0.0,1
0,1,0,0,7.228558e-36,1
0,1,0,0,0.0,1
0,1,0,0,5.9000783e-33,1
0,1,0,1,0.0,1
0,1,0,0,4.050803e-36,1
0,1,0,0,0.0,1
0,1,0,0,0.0,1
0,1,0,0,8.6891934e-35,0
0,1,0,0,6.091005e-36,0
0,1,0,0,0.0,1
0,1,0,0,0.0,0
0,1,0,0,0.0,1
0,1,0,0,0.0,1
0,1,0,0,2.9588824e-31,1
0,1,0,0,0.0,1
0,1,0,0,0.0,1
0,1,0,0,0.0,1
0,1,0,0,0.0,0
0,1,0,0,0.0,1
0,1,0,0,0.0,1
0,1,0,0,0.0,0
0,1,0,0,0.0,0
0,1,0,0,0.0,1
0,1,0,0,0.0,1
0,1,0,0,0.0,1
0,1,0,0,0.0,1
0,1,0,0,0.0,1
0,1,0,0,0.0,1
0,1,0,0,0.0,1
0,1,0,0,3.4586207e-33,1
0,1,0,0,0.0,1
0,1,0,0,0.0,1
0,1,1,1,1.0,1
0,1,0,0,0.0,0
0,1,0,0,0.0,1
0,1,1,1,1.0,1
0,1,0,0,0.0,1
0,1,0,0,0.0,1
0,1,0,0,0.0,1
0,1,0,0,0.0,1
0,1,0,0,0.0,0
0,1,0,1,2.1497816e-21,0
0,1,0,0,0.0,1
0,1,0,0,4.1853877e-36,0
0,1,0,0,0.0,1
0,1,0,0,0.0,1
0,1,0,1,0.0,1
0,1,0,1,0.0,1
0,1,0,1,3.5005385e-14,0
0,1,1,1,1.0,1
0,1,0,0,0.0,0
0,1,0,0,0.0,0
0,1,0,1,0.0,0
0,1,0,0,0.0,0
0,1,0,0,3.9381115e-29,1
0,1,0,0,0.0,1
0,1,0,0,0.0,1
0,1,0,0,0.0,1
0,1,0,0,0.0,0
0,1,0,0,0.0,1
0,1,0,0,0.0,1
0,1,1,1,1.0,1
0,1,0,0,0.0,1
0,1,0,0,1.7890872e-33,1
0,1,0,0,0.0,1
0,1,0,0,0.0,1
0,1,0,0,0.0004532607,0
0,1,0,0,0.0,1
0,1,0,0,5.3495416e-35,1
0,1,0,0,0.0,0
0,1,0,0,0.0,1
0,1,0,0,0.0,1
0,1,0,0,0.0,1
0,1,0,0,0.0,0
0,1,0,1,2.6888737e-26,1
0,1,0,1,1.6769993e-11,0
0,1,0,0,0.0,1
0,1,0,0,0.0,0
0,1,0,0,0.0,0
0,1,0,1,2.0929502e-38,1
0,1,0,0,0.0,1
0,1,0,0,0.0,1
0,1,0,0,0.0,1
0,1,0,0,0.0,1
0,1,0,0,0.0,0
0,1,0,0,0.0,1
0,1,0,0,0.0,1
0,1,0,1,4.3427695e-25,0
0,1,0,0,0.0,1
0,1,0,1,0.0,1
0,1,1,1,1.0,1
0,1,0,0,0.0,1
0,1,0,0,1.1704053e-27,0
0,1,0,0,6.637535e-33,0
0,1,0,1,0.0,1
0,1,0,1,0.0,1
0,1,0,0,0.0,1
0,1,1,1,1.0,1
0,1,0,0,0.0,1
0,1,0,0,0.0,1
0,1,0,0,0.0,1
0,1,0,0,0.0,1
0,1,0,0,0.0,1
0,1,0,0,0.0,1
0,1,0,0,0.0,1
0,1,0,0,0.0,1
0,1,0,0,0.0,0
0,1,0,0,0.0,1
0,1,0,0,1.8223486e-34,1
0,1,0,1,1.0709708e-37,1
0,1,0,0,0.0,0
0,1,0,0,8.217702e-34,0
0,1,0,1,7.676651e-26,1
0,1,0,0,2.4540218e-22,0
0,1,0,0,3.001262e-31,0
0,1,0,0,0.0,1
0,1,1,1,1.0,1
0,1,0,1,4.9232398e-31,1
0,1,0,1,0.0,1
0,1,0,0,0.0,1
0,1,0,0,0.0,1
0,1,0,0,3.1644861e-34,0
0,1,1,1,1.0,1
0,1,0,1,0.0,1
0,1,0,0,2.272366e-34,1
0,1,0,0,0.0,1
0,1,0,0,0.0,1
0,1,1,1,1.0,1
0,1,0,0,0.0,1
0,1,0,0,0.0,1
0,1,0,0,1.23715e-38,1
0,1,1,1,1.0,1
0,1,0,0,0.0,0
0,1,0,0,0.0,1
0,1,0,0,0.0,1
0,1,0,1,0.2541564,0
0,1,0,0,0.0,1
0,1,0,0,0.0,0
0,1,0,0,0.0,1
0,1,1,1,0.99999607,0
0,1,1,1,1.0,1
0,1,0,0,0.0,1
0,1,0,0,0.0,1
0,1,0,0,0.0,0
0,1,0,0,0.0,0
0,1,0,0,0.0,1
0,1,0,0,0.0,1
0,1,0,1,0.0,0
0,1,0,0,0.0,1
0,1,0,0,0.0,1
0,1,0,0,0.0,1
0,1,1,1,1.0,1
0,1,0,0,4.6801533e-38,1
0,1,1,1,1.0,1
0,1,0,0,0.0,0
0,1,0,0,0.0,1
0,1,0,0,0.0,0
0,1,0,0,0.0,1
0,1,0,0,0.0,1
0,1,0,0,0.0,0
0,1,0,0,0.0,1
0,1,0,1,1.9229735e-24,1
0,1,0,0,0.0,1
0,1,0,0,0.0,1
0,1,0,0,0.0,1
0,1,0,0,0.0,1
0,1,0,1,1.5069173e-20,1
0,1,0,0,4.3610513e-38,0
0,1,0,0,0.0,1
0,1,0,0,0.0,1
0,1,0,0,0.0,0
0,1,0,0,0.0,0
0,1,0,0,0.0,1
0,1,0,0,0.0,1
0,1,0,0,0.0,1
0,1,0,0,0.0,1
0,1,0,0,0.0,1
0,1,0,0,0.0,1
0,1,0,1,0.0,1
0,1,0,1,1.325547e-24,1
0,1,0,0,3.8345243e-34,1
0,1,0,0,0.0,1
0,1,0,0,0.0,1
0,1,0,0,0.0,1
0,1,0,0,6.925263e-24,1
0,1,0,0,0.0,0
0,1,0,0,0.0,0
0,1,0,0,0.0,0
0,1,0,0,0.0,0
0,1,0,0,0.0,0
0,1,0,0,4.9774434e-36,0
0,1,0,1,0.0,1
0,1,1,1,1.0,1
0,1,0,0,0.0,1
0,1,0,0,0.0,0
0,1,0,0,0.0,1
0,1,0,1,0.0,1
0,1,0,0,0.0,1
0,1,0,0,0.0,0
0,1,1,1,1.0,1
0,1,0,0,0.0,1
0,1,0,0,0.0,1
0,1,1,1,4.4187054e-24,0
0,1,0,0,0.0,1
0,1,0,0,0.0,0
0,1,0,0,0.0,1
0,1,1,1,1.0,1
0,1,0,0,0.0,0
0,1,0,0,0.0,1
0,1,1,1,1.0,1
0,1,0,0,0.0,1
0,1,0,0,0.0,0
0,1,0,0,0.0,1
0,1,0,0,0.0,1
0,1,0,0,0.0,1
0,1,0,1,1.2554605e-12,0
0,1,0,0,0.0,1
0,1,1,1,1.0,1
0,1,0,0,0.0,1
0,1,0,1,0.0,1
0,1,0,0,0.0,1
0,1,1,1,1.0,1
0,1,0,0,2.2050325e-35,1
0,1,0,1,0.0,1
0,1,0,0,0.0,1
0,1,0,1,9.0716795e-24,1
0,1,0,0,0.0,1
0,1,0,0,0.0,1
0,1,0,0,0.0,0
0,1,0,1,0.0,1
0,1,0,0,0.0,1
0,1,0,0,0.0,0
0,1,0,0,0.0,0
0,1,0,0,0.0,0
0,1,0,0,0.0,1
0,1,0,0,0.0,0
0,1,0,0,0.0,1
0,1,0,0,0.0,1
0,1,0,0,0.0,1
0,1,0,0,0.0,0
0,1,0,1,1.0,0
0,1,0,0,0.0,0
0,1,0,0,0.0,1
0,1,0,0,0.0,1
0,1,1,1,1.0,1
0,1,0,0,0.0,1
0,1,0,1,3.4246585e-32,1
0,1,0,0,0.0,1
0,1,0,0,0.0,1
0,1,0,0,0.0,0
0,1,0,0,0.0,1
0,1,1,1,1.0,0
0,1,1,1,1.0,1
0,1,0,0,0.0,1
0,1,0,0,0.0,0
0,1,0,0,0.0,1
0,1,0,0,0.0,0
0,1,0,0,0.0,0
0,1,0,0,0.0,0
0,1,0,0,0.0,0
0,1,0,0,0.0,1
0,1,0,1,4.5237182e-38,1
0,1,0,0,1.9346626e-34,1
0,1,0,0,0.0,1
0,1,1,1,1.0,1
0,1,0,0,0.0,1
0,1,0,0,0.0,1
0,1,0,0,0.0,0
0,1,0,0,0.0,1
0,1,0,0,0.0,0
0,1,0,0,0.0,1
0,1,0,0,0.0,1
0,1,0,0,0.0,0
0,1,0,0,0.0,1
0,1,0,0,0.0,1
0,1,0,0,0.0,1
0,1,0,1,0.0,1
0,1,0,0,0.0,1
0,1,0,0,0.0,1
0,1,0,0,4.5950314e-36,0
0,1,0,0,1.7626496e-30,1
0,1,0,0,0.0,1
0,1,0,0,0.0,0
0,1,0,0,0.0,1
0,1,0,0,0.0,1
0,1,0,0,0.0,1
0,1,0,1,0.0,1
0,1,0,0,0.0,0
0,1,0,1,0.0,1
0,1,0,0,0.0,1
0,1,0,0,0.0,0
0,1,0,0,0.0,0
0,1,0,0,0.0,1
0,1,0,0,0.0,1
0,1,0,1,0.0,1
0,1,0,1,2.8624325e-34,1
0,1,0,0,0.0,1
0,1,1,1,1.0,1
0,1,1,1,1.0,0
0,1,0,0,0.0,1
0,1,0,1,0.0,1
0,1,0,0,0.0,1
0,1,0,0,0.0,1
0,1,1,1,1.0,1
0,1,0,0,0.0,1
0,1,0,0,0.0,1
0,1,0,0,0.0,1
0,1,0,0,0.0,0
0,1,0,0,0.0,1
0,1,0,0,0.0,1
0,1,0,0,0.0,0
0,1,0,1,2.196617e-23,1
0,1,0,1,3.6111412e-29,1
0,1,0,0,0.0,0
0,1,0,0,0.0,1
0,1,0,0,0.0,1
0,1,0,0,0.0,1
0,1,0,0,0.0,1
0,1,0,0,0.0,1
0,1,0,0,0.0,1
0,1,0,0,0.0,1
0,1,0,1,0.0,0
0,1,0,0,0.0,1
0,1,0,0,0.0,1
0,1,0,0,0.0,1
0,1,0,0,9.697586e-38,1
0,1,0,0,0.0,0
0,1,0,0,0.0,1
0,1,0,0,0.0,1
0,1,0,0,0.0,0
0,1,0,0,0.0,0
0,1,0,0,0.0,0
0,1,0,0,0.0,1
0,1,0,0,0.0,1
0,1,0,0,0.0,1
0,1,0,0,0.0,0
0,1,0,1,1.8504511e-29,0
0,1,0,1,0.0,0
0,1,0,1,0.0,1
0,1,0,0,0.0,1
0,1,0,0,0.0,0
0,1,0,1,2.4656196e-37,1
0,1,0,0,0.0,1
0,1,1,1,1.0,1
0,1,0,0,0.0,0
0,1,0,0,0.0,1
0,1,1,1,1.0,1
0,1,0,0,0.0,0
0,1,0,0,1.478515e-35,1
0,1,0,0,0.0,0
0,1,0,0,0.0,1
0,1,1,1,1.0,1
0,1,0,0,0.0,1
0,1,0,0,0.0,0
0,1,1,1,1.0,1
0,1,0,0,0.0,0
0,1,0,0,2.1312893e-34,0
0,1,0,0,0.0,1
0,1,0,0,0.0,0
0,1,0,0,0.0,1
0,1,0,1,1.1431255e-30,1
0,1,0,0,0.0,1
0,1,0,0,0.0,0
0,1,0,0,1.1596186e-36,1
0,1,0,0,0.0,0
0,1,1,1,1.0,0
0,1,0,0,0.0,1
0,1,1,1,1.0,1
0,1,0,0,0.0,0
0,1,0,1,7.8768313e-32,1
0,1,0,0,0.0,1
0,1,0,0,1.7480812e-35,0
0,1,0,0,0.0,1
0,1,0,1,1.4869391e-25,1
0,1,0,1,4.7579083e-20,0
0,1,0,0,1.0075556e-36,1
0,1,0,0,0.0,1
0,1,0,0,3.020235e-31,1
0,1,0,0,0.0,1
0,1,0,0,0.0,0
0,1,0,0,0.0,0
0,1,0,0,0.0,0
0,1,0,0,0.0,1
0,1,0,0,0.0,1
0,1,0,0,1.730322e-11,0
0,1,0,0,0.0,1
0,1,0,0,0.0,0
0,1,0,0,0.0,1
0,1,1,1,1.0,1
0,1,0,0,0.0,1
0,1,0,0,0.0,1
0,1,0,0,0.0,0
0,1,0,0,0.0,0
0,1,0,0,2.1148303e-36,1
0,1,1,1,1.0,0
0,1,0,0,0.0,1
0,1,1,1,1.0,0
0,1,0,0,0.0,0
0,1,1,1,1.0,1
0,1,0,0,0.0,0
0,1,0,0,3.5273392e-30,1
0,1,0,1,2.40373e-30,1
0,1,0,0,0.0,1
0,1,0,0,0.0,1
0,1,0,1,0.0,1
0,1,0,0,0.0,1
0,1,1,1,1.0,0
0,1,0,0,0.0,1
0,1,0,0,0.0,1
0,1,0,0,0.0,1
0,1,0,0,0.0,1
0,1,0,0,0.0,1
0,1,0,0,4.5475608e-38,1
0,1,1,1,1.0,1
0,1,0,0,0.0,1
0,1,0,0,0.0,0
0,1,0,0,0.0,1
0,1,0,0,0.0,0
0,1,0,0,0.0,1
0,1,0,0,0.0,1
0,1,0,0,0.0,1
0,1,0,0,0.0,1
0,1,0,1,1.0,0
0,1,0,0,0.0,0
0,1,0,0,0.0,1
0,1,0,0,0.0,0
0,1,0,0,0.0,1
0,1,1,1,1.0,1
0,1,0,1,0.0,0
0,1,0,0,0.0,1
0,1,1,1,1.0,1
0,1,0,0,0.0,1
0,1,1,1,1.0,1
0,1,0,0,0.0,1
0,1,0,0,0.0,1
0,1,0,1,6.467818e-33,1
0,1,0,0,0.0,1
0,1,0,0,0.0,1
0,1,0,0,4.0003556e-37,1
0,1,0,0,0.0,1
0,1,1,1,1.0,1
0,1,0,0,0.0,1
0,1,0,0,2.423109e-38,1
0,1,0,0,0.0,1
0,1,0,0,0.0,1
0,1,0,0,6.1684875e-31,1
0,1,0,1,2.8819806e-18,0
0,1,0,0,0.0,1
0,1,0,0,0.0,1
0,1,0,1,0.0,1
0,1,0,0,1.0408003e-29,1
0,1,1,1,1.0,1
0,1,0,0,0.0,0
0,1,0,0,0.0,1
0,1,0,0,1.3608597e-38,1
0,1,0,1,0.0,1
0,1,0,0,0.0,1
0,1,0,0,0.0,1
0,1,1,1,1.0,1
0,1,0,0,0.0,1
0,1,0,1,1.6595392e-27,1
0,1,0,0,0.0,0
0,1,0,0,0.0,1
0,1,1,1,1.0,0
0,1,0,1,1.0,0
0,1,0,0,1.168335e-28,1
0,1,0,0,0.0,1
0,1,0,0,0.0,1
0,1,0,0,0.0,0
0,1,0,0,0.0,1
0,1,0,0,8.529524e-19,1
0,1,0,0,0.0,1
0,1,0,0,0.0,1
0,1,0,0,0.0,1
0,1,0,0,0.0,1
0,1,0,1,0.0,0
0,1,0,0,0.0,1
0,1,0,0,1.0538605e-14,0
0,1,0,0,7.9563016e-28,1
0,1,1,1,1.0,1
0,1,0,1,6.918838e-34,1
0,1,0,0,0.0,1
0,1,0,0,0.0,1
0,1,0,0,0.0,0
0,1,0,0,0.0,1
0,1,0,0,0.0,1
0,1,0,0,1.0152309e-33,1
0,1,0,0,0.0,1
0,1,0,0,0.0,1
0,1,0,0,0.0,1
0,1,0,0,0.0,1
0,1,0,0,0.0,1
0,1,0,0,4.389396e-36,1
0,1,0,0,4.0870128e-37,0
0,1,0,0,0.0,1
0,1,0,0,0.0,1
0,1,1,1,1.0,0
0,1,0,1,0.0,1
0,1,0,0,8.1946356e-33,1
0,1,0,0,9.932577e-34,1
0,1,0,0,0.0,1
0,1,0,0,0.0,1
0,1,1,1,1.0,1
0,1,0,0,0.0,1
0,1,0,0,0.0,1
0,1,0,0,7.708215e-36,0
0,1,0,0,0.0,1
0,1,0,0,0.0,0
0,1,0,0,0.0,1
0,1,0,0,1.0863741e-34,1
0,1,0,0,0.0,1
0,1,0,0,0.0,0
0,1,0,0,0.0,0
0,1,0,0,0.0,1
0,1,0,0,0.0,0
0,1,0,0,0.0,1
0,1,0,0,0.0,0
0,1,0,0,0.0,1
0,1,0,0,0.0,1
0,1,0,1,1.4369783e-35,0
0,1,0,0,0.0,1
0,1,0,0,0.0,0
0,1,1,1,1.0,1
0,1,0,0,0.0,1
0,1,1,1,1.0,0
0,1,0,1,0.0,1
0,1,0,0,7.55298e-30,1
0,1,1,1,1.0,1
0,1,0,0,0.0,1
0,1,0,0,0.0,0
0,1,0,0,0.0,1
0,1,0,0,1.1882912e-14,0
0,1,0,1,3.8866e-18,0
0,1,0,0,0.0,0
0,1,0,0,0.0,1
0,1,0,0,3.4944775e-35,1
0,1,0,0,0.0,0
0,1,0,0,0.0,1
0,1,1,1,1.0,0
0,1,0,0,0.0,1
0,1,0,0,0.0,1
0,1,0,0,0.0,1
0,1,0,0,1.4750397e-27,0
0,1,1,1,1.0,0
0,1,0,1,1.0,0
0,1,0,0,0.0,1
0,1,1,1,1.0,1
0,1,0,1,0.0,1
0,1,0,0,0.0,1
0,1,1,1,1.0,1
0,1,0,1,0.0,0
0,1,1,1,1.0,1
0,1,0,0,0.0,1
0,1,0,0,0.0,1
0,1,0,0,0.0,1
0,1,0,0,1.6389485e-26,0
0,1,0,1,3.3446084e-34,1
0,1,0,0,3.4311925e-27,1
0,1,1,1,1.0,1
0,1,0,0,0.0,1
0,1,0,0,0.0,0
0,1,0,0,0.0,0
0,1,1,1,1.0,1
0,1,0,0,0.0,1
0,1,0,0,0.0,1
0,1,0,0,0.0,1
0,1,0,0,4.6056258e-38,1
0,1,0,1,1.0,0
0,1,0,0,0.0,1
0,1,0,0,0.0,1
0,1,0,0,0.0,1
0,1,1,1,1.0,1
0,1,0,1,0.0,1
0,1,1,1,1.0,1
0,1,0,1,1.1562791e-36,1
0,1,0,0,5.2428085e-36,1
0,1,1,1,1.0,1
0,1,0,0,0.0,0
0,1,0,0,0.0,1
0,1,0,0,0.0,1
0,1,0,0,0.0,0
0,1,0,0,0.0,1
0,1,1,1,1.0,1
0,1,0,0,0.0,0
0,1,1,1,1.0,0
0,1,0,0,1.6320812e-24,0
0,1,0,1,0.0,1
0,1,1,1,1.0,1
0,1,1,1,1.0,1
0,1,1,1,1.0,1
0,1,0,1,0.0,1
0,1,0,0,0.0,0
0,1,0,0,0.0,1
0,1,0,0,0.0,1
0,1,0,0,0.0,1
0,1,0,0,0.0,1
0,1,0,1,0.0,1
0,1,0,1,0.0,0
0,1,0,0,0.0,1
0,1,1,1,1.0,1
0,1,0,0,0.0,1
0,1,0,0,0.0,1
0,1,0,1,0.0,1
0,1,0,1,0.0,1
0,1,0,0,7.704376e-33,0
0,1,0,1,0.0,1
0,1,0,0,0.0,1
0,1,1,1,1.0,1
0,1,0,0,0.41958556,0
0,1,1,1,1.0,1
0,1,0,1,1.6112116e-29,1
0,1,0,1,0.0,1
0,1,0,0,0.0,1
0,1,0,0,0.0,0
0,1,0,0,0.0,1
0,1,0,0,1.5177897e-38,1
0,1,0,0,0.0,0
0,1,1,1,1.0,1
0,1,0,0,0.0,1
0,1,0,0,1.9514491e-21,0
0,1,0,1,4.428078e-28,1
0,1,0,0,2.454277e-20,1
0,1,1,1,1.0,1
0,1,0,1,0.0,1
0,1,1,1,1.0,1
0,1,1,1,1.0,1
0,1,0,0,0.0,0
0,1,1,1,1.7923036e-06,0
0,1,0,0,1.3165745e-35,0
0,1,0,1,0.0,1
0,1,1,1,1.0,1
0,1,1,1,1.0,1
0,1,1,0,1.0,1
0,1,0,0,0.0,1
0,1,0,0,5.2490464e-23,1
0,1,1,1,1.0,1
0,1,0,0,0.0,0
0,1,0,0,0.0,1
0,1,0,1,0.0,0
0,1,0,0,0.0,0
0,1,1,1,1.0,0
0,1,0,0,0.0,1
0,1,1,1,1.0,1
0,1,0,1,0.0,0
0,1,1,1,1.0,1
0,1,0,1,0.0,1
0,1,0,0,0.0,0
0,1,0,0,0.0,1
0,1,0,0,0.0,1
0,1,0,1,1.0,0
0,1,0,0,4.9170567e-27,1
0,1,0,1,0.0,1
0,1,0,1,5.857326e-10,0
0,1,1,1,1.0,0
0,1,1,1,1.0,1
0,1,0,1,0.0,1
0,1,0,1,0.0,1
0,1,0,1,4.518701e-30,1
0,1,0,1,0.0,1
0,1,0,1,0.0,1
0,1,0,0,0.0,1
0,1,0,1,3.6409957e-34,1
0,1,1,1,1.0,1
0,1,1,1,1.0,1
0,1,0,1,8.515672e-27,1
0,1,0,0,1.213138e-38,1
0,1,0,1,0.0,1
0,1,0,1,0.0,1
0,1,0,0,0.0,1
0,1,1,1,1.0,0
0,1,0,0,0.0,1
0,1,0,0,0.0,1
0,1,1,1,1.0633032e-19,0
0,1,1,1,1.0,1
0,1,0,0,0.0,1
0,1,0,0,0.0,1
0,1,0,0,0.0,1
0,1,1,1,1.0,1
0,1,1,1,1.0,0
0,1,0,0,0.0,1
0,1,0,0,0.0,0
0,1,0,0,0.0,1
0,1,1,1,1.0,1
0,1,0,0,0.0,1
0,1,0,0,2.0008065e-37,0
0,1,1,1,1.0,1
0,1,1,1,1.0,0
0,1,0,0,0.0,1
0,1,0,0,0.0,0
0,1,0,1,1.9184767e-22,0
0,1,0,0,0.0,1
0,1,0,0,0.0,1
0,1,0,0,0.0,1
0,1,0,0,0.0,1
0,1,0,0,0.0,1
0,1,0,0,0.0,1
0,1,0,0,0.0,1
0,1,1,1,1.0,1
0,1,0,1,8.8272405e-35,1
0,1,0,1,0.0,1
0,1,1,1,1.0,1
0,1,0,1,0.0,1
0,1,1,1,1.0,0
1,0,0,1,1.0,0
1,0,1,1,1.0,1
1,0,0,0,0.0,0
1,0,1,1,1.0,1
1,0,0,0,0.0,1
1,0,0,1,0.0,1
1,0,0,0,0.0,1
1,0,0,0,0.0,1
1,0,0,1,0.0,0
1,0,0,1,0.0,1
1,0,0,1,0.0,1
1,0,1,1,1.0,1
1,0,1,1,1.0,0
1,0,1,1,1.0,1
1,0,0,0,0.0,1
1,0,0,0,0.0,1
1,0,0,0,0.0,1
1,0,0,0,0.0,0
1,0,0,0,0.0,1
1,0,0,0,0.0,1
1,0,0,0,0.0,1
1,0,0,0,0.0,0
1,0,0,0,0.0,1
1,0,1,1,1.0,1
1,0,1,1,1.0,1
1,0,0,0,0.0,0
1,0,0,0,0.0,1
1,0,0,1,0.0,1
1,0,0,0,0.0,1
1,0,0,0,0.0,0
1,0,0,0,0.0,1
1,0,1,1,1.0,1
1,0,0,0,0.0,1
1,0,0,0,0.0,1
1,0,1,1,1.0,1
1,0,0,0,0.0,1
1,0,0,0,0.0,1
1,0,0,0,0.0,0
1,0,0,0,0.0,0
1,0,0,0,0.0,1
1,0,0,0,0.0,1
1,0,0,0,0.0,0
1,0,0,0,0.0,1
1,0,0,0,0.0,0
1,0,0,0,0.0,1
1,0,0,0,0.0,0
1,0,0,0,0.0,0
1,0,0,0,0.0,0
1,0,1,1,5.4707466e-34,0
1,0,0,1,0.0,1
1,0,0,0,0.0,0
1,0,0,0,0.0,1
1,0,1,1,1.0,1
1,0,0,0,0.9999429,0
1,0,0,1,0.0,0
1,0,0,0,0.0,1
1,0,0,0,0.0,0
1,0,0,0,0.0,0
1,0,0,0,0.0,0
1,0,0,0,0.0,1
1,0,0,0,0.0,1
1,0,1,1,1.0,0
1,0,0,0,0.0,0
1,0,0,0,0.0,1
1,0,1,1,1.0,1
1,0,0,0,0.0,1
1,0,0,0,0.0,0
1,0,1,1,1.0,1
1,0,1,1,1.0,1
1,0,0,0,0.0,1
1,0,1,1,0.9991215,0
1,0,0,1,0.0,1
1,0,0,0,0.0,0
1,0,0,0,0.0,0
1,0,0,0,0.0,1
1,0,0,0,0.0,1
1,0,0,0,0.0,1
1,0,0,0,0.0,1
1,0,1,1,1.0,1
1,0,0,0,0.0,1
1,0,0,0,0.0,1
1,0,0,1,0.0,1
1,0,0,1,0.0,1
1,0,0,1,0.0,1
1,0,0,1,0.0,1
1,0,0,0,0.0,1
1,0,0,0,0.0,1
1,0,0,0,0.0,1
1,0,0,0,0.0,0
1,0,0,0,0.0,1
1,0,0,1,0.0,0
1,0,0,0,0.0,1
1,0,0,0,0.0,1
1,0,1,1,1.0,1
1,0,0,0,0.0,1
1,0,0,0,0.0,1
1,0,1,1,1.0,1
1,0,1,1,1.0,1
1,0,0,0,0.0,1
1,0,0,0,0.0,1
1,0,0,1,0.0,1
1,0,0,0,0.0,0
1,0,0,0,3.5137642e-36,0
1,0,0,0,0.0,1
1,0,0,0,0.0,1
1,0,0,0,0.0,1
1,0,0,0,0.0,1
1,0,0,0,0.0,1
1,0,0,0,0.0,0
1,0,0,0,0.0,1
1,0,0,0,0.0,1
1,0,0,1,1.0,0
1,0,0,1,1.0,0
1,0,0,1,0.0,1
1,0,0,1,0.0,1
1,0,0,0,0.0,1
1,0,0,0,0.0,1
1,0,0,0,1.9630763e-34,0
1,0,0,0,0.0,1
1,0,0,0,0.0,1
1,0,0,0,0.0,1
1,0,1,1,1.0,1
1,0,0,0,0.0,0
1,0,0,1,0.0,1
1,0,1,0,1.0,1
1,0,0,0,0.0,0
1,0,0,0,0.0,1
1,0,0,1,0.0,1
1,0,0,0,0.0,1
1,0,0,0,0.0,1
1,0,1,1,1.0,1
1,0,0,0,1.86351e-33,1
1,0,0,0,0.0,1
1,0,0,1,0.0,1
1,0,1,1,1.0,0
1,0,0,0,0.0,1
1,0,0,1,0.0,1
1,0,0,0,0.0,1
1,0,1,1,0.0,0
1,0,0,0,0.0,0
1,0,0,1,0.0,1
1,0,0,0,0.0,1
1,0,0,0,0.0,1
1,0,0,0,0.0,1
1,0,0,0,0.0,1
1,0,1,1,1.0,1
1,0,0,0,0.0,0
1,0,0,0,0.0,0
1,0,0,0,0.0,0
1,0,0,0,0.0,1
1,0,1,1,1.0,0
1,0,0,0,1.0815667e-31,0
1,0,0,0,0.0,1
1,0,0,0,0.0,1
1,0,0,1,0.0,1
1,0,0,1,0.0,1
1,0,0,0,0.0,1
1,0,0,0,0.0,0
1,0,0,0,0.0,1
1,0,0,0,0.0,0
1,0,0,0,0.0,0
1,0,0,0,0.0,1
1,0,0,0,0.0,0
1,0,0,1,0.0,1
1,0,0,0,0.0,1
1,0,0,0,0.0,1
1,0,0,0,0.0,1
1,0,0,0,0.0,1
1,0,0,1,0.0,1
1,0,1,1,1.0,1
1,0,1,1,0.0,0
1,0,0,0,5.2714634e-22,0
1,0,0,0,0.0,0
1,0,0,1,0.0,1
1,0,0,0,0.0,1
1,0,0,0,0.0,1
1,0,0,1,1.0,0
1,0,0,0,0.0,0
1,0,0,0,0.0,1
1,0,0,1,0.0,1
1,0,0,0,0.0,1
1,0,0,1,3.4565103e-33,1
1,0,0,1,0.0,1
1,0,0,0,0.0,0
1,0,0,0,0.0,1
1,0,0,1,0.0,1
1,0,0,1,0.0,0
1,0,0,0,0.0,0
1,0,0,0,0.0,1
1,0,0,1,0.0,1
1,0,0,0,0.0,1
1,0,0,0,0.0,1
1,0,0,1,0.0,1
1,0,0,0,0.0,0
1,0,0,0,0.0,0
1,0,0,0,0.0,1
1,0,0,0,0.0,0
1,0,0,0,0.0,0
1,0,0,1,0.0,1
1,0,0,0,0.0,1
1,0,0,0,0.0,0
1,0,0,0,0.0,0
1,0,0,1,0.0,1
1,0,0,0,0.0,1
1,0,0,0,0.0,0
1,0,0,0,0.0,1
1,0,0,0,0.0,1
1,0,0,0,0.0,1
1,0,0,1,1.0711201e-33,1
1,0,0,0,0.0,0
1,0,0,0,5.097013e-37,1
1,0,0,0,0.0,1
1,0,0,0,0.0,1
1,0,0,0,0.0,1
1,0,0,0,0.0,1
1,0,0,0,0.0,1
1,0,0,0,0.0,1
1,0,0,0,0.0,1
1,0,0,0,0.0,1
1,0,0,0,0.0,0
1,0,0,0,0.0,0
1,0,0,0,0.0,0
1,0,1,1,1.0,1
1,0,1,1,1.0,1
1,0,0,0,0.0,1
1,0,0,0,0.0,1
1,0,0,0,0.0,0
1,0,0,0,0.0,0
1,0,0,0,0.0,1
1,0,1,0,1.0,1
1,0,1,1,1.0,0
1,0,0,0,0.0,1
1,0,0,0,0.0,1
1,0,1,1,1.0,0
1,0,0,0,4.240465e-35,1
1,0,0,0,0.0,1
1,0,0,0,0.0,1
1,0,0,0,0.0,0
1,0,0,0,0.0,1
1,0,0,0,0.0,1
1,0,0,0,0.0,1
1,0,0,0,0.0,0
1,0,1,1,1.0,1
1,0,0,0,0.0,1
1,0,0,0,0.0,1
1,0,0,0,0.0,1
1,0,0,0,0.0,1
1,0,0,0,0.0,0
1,0,0,1,5.470131e-30,0
1,0,0,0,0.0,0
1,0,0,0,0.0,1
1,0,0,0,0.0,1
1,0,0,0,0.0,0
1,0,0,0,0.0,1
1,0,0,0,0.0,1
1,0,0,0,0.0,1
1,0,0,0,0.9999944,0
1,0,0,0,0.0,0
1,0,0,0,0.0,0
1,0,1,1,1.0,1
1,0,0,0,0.0,1
1,0,0,0,0.0,0
1,0,0,0,2.3076377e-36,1
1,0,0,0,0.0,1
1,0,0,1,0.0,1
1,0,0,0,0.0,1
1,0,0,0,0.0,1
1,0,0,0,0.0,0
1,0,0,0,0.0,1
1,0,0,0,0.0,1
1,0,0,0,0.0,0
1,0,0,0,0.0,1
1,0,0,1,0.0,1
1,0,0,0,0.0,1
1,0,0,0,0.0,1
1,0,0,0,0.0,1
1,0,0,0,0.0,1
1,0,0,0,0.0,1
1,0,0,0,0.0,1
1,0,0,0,0.0,0
1,0,0,1,0.0,1
1,0,0,0,0.0,0
1,0,0,1,0.0,1
1,0,0,0,0.0,1
1,0,0,0,0.0,0
1,0,0,0,0.0,1
1,0,0,0,0.0,1
1,0,0,0,0.0,1
1,0,1,0,2.4851252e-32,0
1,0,0,0,0.0,1
1,0,0,1,0.0,1
1,0,0,0,0.0,1
1,0,0,0,0.0,1
1,0,0,0,0.0,1
1,0,1,1,1.0,1
1,0,0,0,0.0,1
1,0,0,1,0.0,1
1,0,0,0,0.0,1
1,0,0,0,0.0,1
1,0,0,0,0.0,1
1,0,0,0,8.064541e-26,1
1,0,0,0,0.0,0
1,0,0,0,0.0,1
1,0,0,0,0.0,0
1,0,0,0,0.0,1
1,0,0,0,0.0,1
1,0,0,0,0.0,0
1,0,1,1,1.0,1
1,0,0,0,6.202656e-38,1
1,0,0,1,0.0,1
1,0,0,0,0.0,1
1,0,0,1,0.0,1
1,0,0,0,4.62808e-16,0
1,0,0,0,0.0,1
1,0,0,0,0.0,1
1,0,0,0,0.0,1
1,0,0,1,0.0,1
1,0,0,0,0.0,1
1,0,0,0,0.0,1
1,0,0,0,0.0,1
1,0,0,0,0.0,1
1,0,0,0,0.0,1
1,0,0,0,0.0,1
1,0,0,1,0.0,1
1,0,0,0,0.0,1
1,0,0,0,0.0,1
1,0,0,0,0.0,1
1,0,0,0,0.0,1
1,0,0,0,0.0,1
1,0,0,0,0.0,1
1,0,0,0,0.0,0
1,0,0,0,0.0,0
1,0,0,0,0.0,0
1,0,1,1,1.0,0
1,0,0,0,0.0,1
1,0,0,0,0.0,1
1,0,0,0,0.0,1
1,0,0,0,0.0,1
1,0,0,1,9.707999e-28,0
1,0,0,0,0.0,1
1,0,0,1,0.0,1
1,0,0,1,0.0,1
1,0,0,0,0.0,1
1,0,0,0,0.0,1
1,0,0,0,0.0,1
1,0,1,1,1.0,1
1,0,0,0,0.0,1
1,0,0,0,0.0,1
1,0,1,1,1.0,1
1,0,0,0,0.0,1
1,0,0,0,0.0,1
1,0,0,0,0.0,1
1,0,0,0,0.0,0
1,0,0,0,0.0,1
1,0,0,0,0.0,1
1,0,0,0,0.0,1
1,0,1,1,1.0,1
1,0,0,1,0.0,1
1,0,0,0,0.0,0
1,0,0,0,0.0,1
1,0,0,0,0.0,1
1,0,0,0,0.0,0
1,0,0,1,0.0,1
1,0,0,1,0.0,1
1,0,0,0,0.0,1
1,0,0,0,0.0,0
1,0,0,0,0.0,1
1,0,0,0,0.0,1
1,0,0,0,0.0,0
1,0,0,0,0.0,0
1,0,0,0,0.0,1
1,0,0,0,0.0,1
1,0,1,1,1.0,1
1,0,0,0,0.0,1
1,0,1,1,1.0,1
1,0,0,0,0.0,1
1,0,0,0,0.0,0
1,0,0,1,1.1240686e-15,1
1,0,0,1,1.448211e-26,0
1,0,0,0,0.0,1
1,0,0,0,0.0,0
1,0,0,0,0.0,1
1,0,0,0,0.0,0
1,0,1,1,1.0,1
1,0,1,1,7.537283e-14,0
1,0,0,0,0.0,0
1,0,0,0,0.0,1
1,0,0,1,0.0,1
1,0,1,0,1.0,1
1,0,0,0,0.0,0
1,0,1,1,1.0,1
1,0,0,0,0.0,1
1,0,0,0,0.0,0
1,0,0,0,0.0,1
1,0,0,0,0.0,0
1,0,0,0,1.3314785e-36,1
1,0,0,0,0.0,0
1,0,0,1,0.0,1
1,0,0,0,0.0,1
1,0,0,0,0.0,1
1,0,0,1,0.0,1
1,0,0,1,0.0,1
1,0,0,1,0.0,1
1,0,0,1,1.2307066e-37,1
1,0,0,0,0.0,1
1,0,0,0,0.0,1
1,0,0,0,0.0,0
1,0,0,0,0.0,1
1,0,0,1,5.1447726e-38,1
1,0,0,0,0.0,0
1,0,0,0,0.0,1
1,0,0,0,0.0,1
1,0,0,0,0.0,1
1,0,0,0,0.0,1
1,0,0,0,1.4334947e-06,0
1,0,0,0,0.0,1
1,0,0,0,0.0,1
1,0,0,0,0.0,1
1,0,0,0,0.0,1
1,0,0,0,0.0,0
1,0,0,1,0.0,0
1,0,0,0,0.0,1
1,0,0,0,0.0,0
1,0,0,0,0.0,1
1,0,0,0,0.0,1
1,0,0,1,0.0,1
1,0,0,1,6.706706e-35,1
1,0,0,0,0.0,0
1,0,1,1,1.0,1
1,0,0,0,0.0,0
1,0,0,0,0.0,1
1,0,0,0,0.0,1
1,0,0,0,0.0,1
1,0,0,0,0.0,1
1,0,0,1,0.0,1
1,0,0,0,0.0,1
1,0,0,0,0.0,0
1,0,0,0,0.0,1
1,0,0,0,0.0,1
1,0,0,0,0.0,1
1,0,0,0,0.0,1
1,0,1,1,1.0,1
1,0,0,0,0.0,1
1,0,0,1,0.0,1
1,0,0,0,0.0,1
1,0,0,1,2.5746726e-34,0
1,0,0,1,1.0,0
1,0,0,0,0.0,0
1,0,0,0,0.0,1
1,0,0,1,0.0,1
1,0,0,0,0.0,1
1,0,0,0,0.0,0
1,0,1,1,1.0,1
1,0,1,1,1.0,1
1,0,0,0,0.0,1
1,0,0,0,0.0,0
1,0,0,0,0.0,1
1,0,0,0,0.0,0
1,0,1,0,1.0,1
1,0,0,0,0.0,0
1,0,0,0,0.0,1
1,0,0,0,0.0,1
1,0,0,0,0.0,1
1,0,0,0,0.0,1
1,0,0,0,0.0,0
1,0,0,0,0.0,1
1,0,0,0,0.0,1
1,0,0,0,0.0,1
1,0,0,0,0.0,1
1,0,1,1,1.0,0
1,0,0,0,0.0,1
1,0,0,0,0.0,1
1,0,0,0,0.0,1
1,0,0,0,0.0,1
1,0,0,0,0.0,0
1,0,0,0,0.0,0
1,0,1,1,0.0,0
1,0,0,0,0.0,0
1,0,0,1,0.0,1
1,0,0,1,2.3392252e-29,0
1,0,0,1,0.0,1
1,0,0,0,0.0,1
1,0,0,0,0.0,1
1,0,1,1,1.0,1
1,0,0,1,0.0,1
1,0,0,0,0.0,1
1,0,0,0,0.0,1
1,0,0,0,0.0,1
1,0,0,0,7.542533e-36,1
1,0,0,1,0.0,1
1,0,1,1,1.0,1
1,0,0,0,0.0,0
1,0,0,0,0.0,1
1,0,0,0,0.0,1
1,0,0,0,0.0,1
1,0,0,0,0.0,1
1,0,0,1,0.0,1
1,0,0,0,0.0,1
1,0,0,0,0.0,1
1,0,0,0,0.0,0
1,0,1,1,1.0,0
1,0,0,0,0.0,0
1,0,1,1,1.0,1
1,0,0,0,0.0,0
1,0,0,0,0.0,0
1,0,0,0,0.0,1
1,0,0,0,0.0,1
1,0,0,0,0.0,1
1,0,0,0,0.0,1
1,0,0,0,0.0,0
1,0,0,0,0.0,0
1,0,0,0,0.0,1
1,0,0,0,0.0,1
1,0,0,1,0.0,0
1,0,1,1,1.0,1
1,0,0,0,0.0,1
1,0,0,1,1.4211839e-22,0
1,0,0,0,0.0,1
1,0,0,0,0.0,1
1,0,0,0,0.0,0
1,0,0,0,0.0,0
1,0,0,0,0.0,0
1,0,0,0,0.0,1
1,0,0,1,0.0,1
1,0,0,0,0.0,0
1,0,0,1,0.0,1
1,0,0,0,0.0,0
1,0,1,1,0.0,0
1,0,0,0,0.0,0
1,0,0,0,0.0,0
1,0,0,0,0.0,1
1,0,0,0,0.0,1
1,0,0,0,0.0,0
1,0,0,1,0.0,1
1,0,0,0,0.0,0
1,0,0,0,0.0,1
1,0,0,0,0.0,1
1,0,0,0,0.0,1
1,0,0,0,0.0,1
1,0,0,0,0.0,1
1,0,0,0,0.0,1
1,0,0,0,0.0,0
1,0,0,0,0.0,0
1,0,0,0,0.0,0
1,0,0,1,1.0,0
1,0,1,1,1.0,0
1,0,0,0,0.0,0
1,0,1,1,1.0,1
1,0,0,1,0.0,1
1,0,1,1,1.0,1
1,0,0,0,0.0,1
1,0,0,0,0.0,1
1,0,0,1,0.0,1
1,0,0,1,0.0,1
1,0,0,0,0.0,1
1,0,1,1,1.0,1
1,0,0,0,0.0,1
1,0,0,0,0.0,1
1,0,0,0,0.0,0
1,0,1,1,1.0,1
1,0,0,0,0.0,1
1,0,0,0,0.0,1
1,0,0,0,0.0,0
1,0,0,1,0.0,1
1,0,0,0,0.0,1
1,0,1,1,0.0,0
1,0,0,0,0.0,0
1,0,0,0,0.0,1
1,0,0,1,0.0,1
1,0,0,0,0.0,1
1,0,0,0,0.0,1
1,0,0,0,0.0,0
1,0,0,0,0.0,0
1,0,1,1,1.0,1
1,0,0,1,0.0,1
1,0,0,0,0.0,0
1,0,0,1,0.0,1
1,0,0,0,0.0,0
1,0,0,1,0.0,1
1,0,0,0,0.0,1
1,0,0,0,4.626622e-28,1
1,0,0,0,0.0,0
1,0,0,0,0.0,1
1,0,0,0,0.0,0
1,0,0,0,0.0,1
1,0,0,0,0.0,0
1,0,0,0,0.0,0
1,0,0,0,0.0,1
1,0,0,0,0.0,0
1,0,0,0,0.0,1
1,0,0,0,0.0,1
1,0,0,0,0.0,1
1,0,0,0,0.0,0
1,0,0,0,1.5361466e-27,0
1,0,1,1,1.0,1
1,0,0,0,0.0,1
1,0,1,1,1.0,1
1,0,1,1,1.0,1
1,0,1,1,1.0,1
1,0,1,1,1.0,0
1,0,0,0,0.0,1
1,0,0,0,0.0,1
1,0,1,1,1.0,0
1,0,0,1,0.0,1
1,0,0,1,1.0,0
1,0,1,1,1.0,1
1,0,1,1,1.0,1
1,0,1,1,1.0,1
1,0,1,1,1.0,1
1,0,0,1,0.0,1
1,0,0,1,0.0,1
1,0,1,1,1.0,1
1,0,1,1,1.0,0
1,0,1,1,1.0,1
1,0,1,1,1.0,0
1,0,1,1,1.0,1
1,0,1,1,1.0,1
1,0,1,1,1.0,1
1,0,1,1,1.0,0
1,0,1,1,1.0,0
1,0,0,1,1.0,0
1,0,1,1,1.0,0
1,0,1,1,1.0,1
1,0,1,1,1.0,1
1,0,1,1,1.0,1
1,0,1,1,1.0,1
1,0,1,1,1.0,1
1,0,1,1,1.0,1
1,0,1,1,1.0,1
1,0,1,1,1.0,1
1,0,1,1,1.0,0
1,0,1,1,1.0,1
1,0,1,1,1.0,1
1,0,0,0,0.0,0
1,0,1,1,1.0,1
1,0,1,1,1.0,0
1,0,1,1,2.9672966e-28,0
1,0,1,1,1.0,1
1,0,1,1,1.0,0
1,0,1,1,1.0,1
1,0,1,1,1.0,1
1,0,1,1,1.0,1
1,0,0,1,0.0,1
1,0,1,1,1.0,0
1,0,0,1,0.0,1
1,0,0,1,0.0,1
1,0,1,1,1.0,1
1,0,1,1,1.0,1
1,0,0,1,1.0,0
1,0,0,1,0.0,1
1,0,0,1,1.5841189e-25,1
1,0,0,0,0.0,1
1,0,1,1,1.0,0
1,0,1,1,1.0,1
1,0,1,1,1.0,1
1,0,0,0,0.0,1
1,0,1,1,1.0,1
1,0,1,1,1.0,0
1,0,1,1,1.0,1
1,0,1,1,1.0,0
1,0,0,1,1.0,0
1,0,0,0,0.0,1
1,0,1,1,1.0,0
1,0,1,1,1.0,1
1,0,0,0,0.0,1
1,0,1,1,0.99998295,0
1,0,1,1,1.0,1
1,0,0,0,0.0,1
1,0,1,1,1.0,1
1,0,1,1,1.0,1
1,0,1,1,1.0,1
1,0,0,1,0.0,1
1,0,0,0,1.0,0
1,0,1,1,1.0,1
1,0,0,1,0.0,1
1,0,1,1,1.0,1
1,0,1,1,1.0,1
1,0,1,1,1.0,1
1,0,0,0,0.0,0
1,0,1,1,1.0,1
1,0,1,1,1.0,0
1,0,1,1,3.802227e-05,0
1,0,1,1,1.0,1
1,0,1,1,0.0,0
1,0,0,1,1.0,0
1,0,1,1,1.0,1
1,0,1,1,1.0,0
1,0,1,1,1.0,1
1,0,1,1,1.0,1
1,0,1,1,4.0491074e-34,0
1,0,1,1,1.0,0
1,0,1,1,0.0,0
1,0,1,1,1.0,0
1,0,0,1,0.0,1
1,0,0,1,0.20232886,0
1,0,0,1,0.0,1
1,0,1,1,1.0,0
1,0,1,1,1.0,1
1,0,1,1,1.0,1
1,0,1,1,1.0,1
1,0,1,1,0.0,0
1,0,0,1,0.0,1
1,0,1,1,1.0,0
1,0,1,1,1.0,0
1,0,0,1,0.0,1
1,0,1,1,1.0,1
1,0,1,1,1.0,1
1,0,0,1,1.0,0
1,0,1,1,1.0,1
1,0,0,1,0.0,1
1,0,1,1,1.0,1
1,0,0,1,0.0,1
1,0,1,1,1.0,1
1,0,0,1,1.1386735e-22,0
1,0,1,1,1.0,1
1,0,1,1,1.6244994e-21,0
1,0,0,1,6.1773615e-32,1
1,0,1,1,1.0,1
1,0,1,1,1.0,1
1,0,0,1,0.0,1
1,0,1,1,1.0,0
1,0,1,1,1.0,0
1,0,0,0,0.0,1
1,0,1,1,1.0,1
1,0,0,0,0.0,1
1,0,1,1,1.0,1
1,0,0,0,0.0,0
1,0,0,1,0.0,0
1,0,0,0,0.0,1
1,0,0,0,0.0,1
1,0,0,0,1.635103e-32,0
1,0,0,0,1.3645086e-31,0
1,0,0,0,0.0,1
1,0,0,0,0.0,1
1,0,0,0,0.0,1
1,0,0,0,0.0,0
1,0,0,0,0.0,0
1,0,0,0,0.0,1
1,0,0,0,0.0,1
1,0,1,1,1.0,1
1,0,0,0,0.0,1
1,0,0,0,0.0,1
1,0,0,0,0.0,1
1,0,1,1,0.5662483,0
1,0,0,0,0.0,1
1,0,0,0,0.0,1
1,0,0,1,0.0,1
1,0,0,1,0.0,1
1,0,0,0,0.0,1
1,0,0,0,0.0,0
1,1,1,1,1.0,1
1,1,0,0,0.0,0
1,1,0,0,0.0,1
1,1,0,0,0.0,0
1,1,0,0,0.0,1
1,1,0,0,0.0,1
1,1,0,0,0.0,1
1,1,0,0,0.0,0
1,1,0,0,0.0,1
1,1,0,0,0.0,1
1,1,0,0,0.0,0
1,1,0,0,0.0,1
1,1,0,0,0.0,0
1,1,1,1,5.7033165e-13,0
1,1,0,0,0.0,1
1,1,0,0,3.346111e-36,1
1,1,0,0,0.0,1
1,1,0,0,0.0,1
1,1,0,0,0.0,1
1,1,0,0,0.0,0
1,1,0,0,0.0,1
1,1,0,0,0.0,1
1,1,0,0,2.2671433e-28,1
1,1,0,0,0.0,1
1,1,0,0,1.2681134e-29,0
1,1,1,1,1.0,1
1,1,1,0,1.0,1
1,1,0,0,0.0,1
1,1,0,0,0.0,1
1,1,0,1,0.0,1
1,1,0,0,0.0,1
1,1,0,0,0.0,1
1,1,0,0,0.0,1
1,1,0,0,0.0,0
1,1,0,0,0.0,1
1,1,1,1,0.0,0
1,1,0,0,0.0,1
1,1,0,0,0.0,1
1,1,0,0,0.0,1
1,1,0,0,0.0,0
1,1,0,0,0.0,1
1,1,0,0,0.0,1
1,1,0,0,0.0,0
1,1,0,0,0.0,1
1,1,0,0,0.0,1
1,1,0,1,0.0,1
1,1,1,1,1.0,1
1,1,0,0,0.0,1
1,1,1,1,1.0,1
1,1,0,0,0.0,1
1,1,1,1,1.0,1
1,1,0,0,0.0,0
1,1,0,0,0.0,0
1,1,0,0,0.0,0
1,1,1,1,1.0,0
1,1,0,0,0.0,0
1,1,0,0,0.0,0
1,1,0,1,0.0,1
1,1,0,1,9.715826e-26,0
1,1,0,0,0.0,0
1,1,0,0,1.5710737e-30,0
1,1,0,0,2.1000143e-21,0
1,1,0,0,0.0,0
1,1,0,0,0.0,1
1,1,0,0,0.0,1
1,1,0,0,0.0,1
1,1,0,0,0.0,1
1,1,0,0,0.0,1
1,1,1,1,1.0,0
1,1,0,0,0.0,0
1,1,0,0,0.0,1
1,1,0,0,0.0,1
1,1,0,0,0.0,1
1,1,1,1,1.0,0
1,1,0,0,0.0,1
1,1,0,0,0.0,1
1,1,0,0,0.0,0
1,1,0,0,0.0,1
1,1,0,0,0.0,1
1,1,0,0,0.0,1
1,1,0,0,0.0,0
1,1,0,0,0.0,1
1,1,0,1,0.0,1
1,1,0,0,0.0,0
1,1,0,0,0.0,1
1,1,0,0,0.0,0
1,1,0,0,0.0,0
1,1,0,0,0.0,1
1,1,0,0,3.8311746e-35,1
1,1,0,0,1.9690932e-32,1
1,1,1,1,1.0,1
1,1,0,0,0.0,1
1,1,0,0,0.0,1
1,1,0,0,0.0,0
1,1,0,0,0.0,1
1,1,0,0,0.0,0
1,1,0,0,0.0,1
1,1,1,1,5.5604646e-25,0
1,1,0,0,3.994148e-38,1
1,1,0,0,0.0,1
1,1,0,0,0.0,1
1,1,0,1,8.385214e-20,0
1,1,0,0,0.0,1
1,1,0,0,0.0,0
1,1,0,1,6.612199e-22,1
1,1,0,1,6.145034e-28,0
1,1,0,0,6.318157e-34,0
1,1,1,1,1.0,1
1,1,0,1,0.0,1
1,1,0,0,0.0,0
1,1,1,1,8.900024e-38,0
1,1,0,0,0.0,0
1,1,1,1,1.0,1
1,1,0,0,1.277973e-27,1
1,1,0,0,0.0,0
1,1,0,0,0.0,1
1,1,0,0,0.0,1
1,1,0,1,1.3482268e-37,1
1,1,0,0,0.0,1
1,1,0,0,0.0,0
1,1,0,0,0.0,1
1,1,0,0,0.0,1
1,1,0,1,0.0,0
1,1,0,0,0.0,0
1,1,0,0,0.0,1
1,1,0,0,0.0,0
1,1,0,0,0.0,0
1,1,0,0,0.0,1
1,1,0,0,0.0,0
1,1,0,1,1.6332987e-09,0
1,1,0,0,0.0,1
1,1,0,0,2.3068134e-26,1
1,1,0,0,0.0,0
1,1,0,0,0.0,0
1,1,0,0,0.0,1
1,1,1,1,1.0,1
1,1,0,0,0.0,0
1,1,0,0,0.0,1
1,1,0,0,0.0,1
1,1,0,0,0.0,1
1,1,0,0,0.0,1
1,1,0,0,0.0,1
1,1,0,0,0.0,1
1,1,0,0,0.0,1
1,1,0,0,2.9521765e-37,1
1,1,0,0,0.0,1
1,1,1,1,1.0,1
1,1,0,0,0.0,1
1,1,0,0,0.0,1
1,1,0,0,0.0,0
1,1,0,0,0.0,1
1,1,0,0,0.0,0
1,1,0,0,0.0,1
1,1,0,0,0.0,1
1,1,0,0,0.0,1
1,1,0,0,0.0,0
1,1,0,0,0.0,0
1,1,0,1,0.0,1
1,1,0,0,4.4088966e-28,1
1,1,0,1,0.0,0
1,1,0,0,0.0,1
1,1,0,0,0.0,1
1,1,0,0,0.0,1
1,1,1,1,1.0,1
1,1,0,0,0.0,1
1,1,0,0,0.0,1
1,1,0,0,0.0,1
1,1,0,0,0.0,1
1,1,0,0,0.0,1
1,1,0,0,0.0,0
1,1,0,0,0.0,1
1,1,0,0,0.0,0
1,1,0,0,0.0,1
1,1,0,0,0.0,0
1,1,0,0,0.0,1
1,1,0,1,0.0,1
1,1,0,0,0.0,0
1,1,0,0,9.522017e-34,1
1,1,0,0,0.0,0
1,1,1,1,1.0,1
1,1,0,0,0.0,1
1,1,0,0,0.0,1
1,1,1,1,1.0,1
1,1,0,0,9.927545e-33,1
1,1,0,0,0.0,1
1,1,0,0,0.0,1
1,1,0,0,0.0,1
1,1,0,0,0.0,1
1,1,0,0,0.0,1
1,1,0,0,0.0,1
1,1,1,1,1.0,1
1,1,0,0,0.0,0
1,1,0,0,0.0,1
1,1,0,0,0.0,1
1,1,0,0,0.0,0
1,1,0,0,0.0,0
1,1,0,0,0.0,0
1,1,0,0,0.0,1
1,1,0,0,0.0,1
1,1,0,0,0.0,0
1,1,0,0,0.0,0
1,1,1,1,1.0,1
1,1,0,0,0.0,1
1,1,0,0,0.0,0
1,1,0,0,0.0,0
1,1,0,0,0.0,0
1,1,1,1,1.0,1
1,1,0,0,0.0,1
1,1,0,0,0.0,0
1,1,0,0,0.0,1
1,1,0,0,0.0,1
1,1,0,0,4.86336e-23,1
1,1,1,1,1.0,1
1,1,0,1,5.7345466e-24,1
1,1,0,0,0.0,1
1,1,0,0,0.0,1
1,1,0,0,6.382955e-28,1
1,1,0,0,0.0,1
1,1,0,0,0.0,1
1,1,0,0,7.755905e-37,1
1,1,0,0,0.0,1
1,1,0,0,9.0681274e-14,0
1,1,0,0,0.0,1
1,1,0,0,0.0,1
1,1,1,1,1.0,0
1,1,0,0,0.0,0
1,1,0,0,0.0,1
1,1,0,0,0.0,1
1,1,0,0,0.0,0
1,1,0,0,0.0,1
1,1,0,0,0.0,1
1,1,0,0,0.0,0
1,1,0,0,0.0,0
1,1,0,0,0.0,1
1,1,0,0,0.0,1
1,1,0,0,0.0,1
1,1,0,0,0.0,1
1,1,0,0,0.0,1
1,1,0,0,0.0,1
1,1,0,0,0.0,1
1,1,0,0,1.692679e-25,0
1,1,0,0,0.0,1
1,1,0,0,0.0,1
1,1,0,0,0.0,1
1,1,0,1,0.0,1
1,1,0,1,2.1418102e-20,0
1,1,0,1,1.0,0
1,1,0,0,0.0,1
1,1,0,0,0.0,1
1,1,0,0,0.0,1
1,1,0,0,0.0,1
1,1,0,0,0.0,1
1,1,0,0,0.0,1
1,1,0,0,0.0,1
1,1,0,0,0.0,0
1,1,0,0,0.0,1
1,1,0,0,0.0,0
1,1,1,1,1.0,1
1,1,0,0,0.0,0
1,1,0,0,0.0,0
1,1,0,0,0.0,0
1,1,0,0,0.0,1
1,1,0,0,0.0,1
1,1,0,0,0.0,1
1,1,0,0,0.0,0
1,1,0,0,0.0,1
1,1,0,0,0.0,1
1,1,0,0,0.0,1
1,1,1,1,1.0,0
1,1,0,0,0.0,1
1,1,0,0,0.0,1
1,1,0,0,0.0,1
1,1,0,0,0.0,1
1,1,0,0,0.0,1
1,1,0,0,6.765201e-24,0
1,1,0,0,0.0,1
1,1,0,0,0.0,1
1,1,0,0,0.0,1
1,1,0,0,0.0,1
1,1,1,1,1.0,1
1,1,0,0,0.0,1
1,1,0,0,0.0,1
1,1,0,0,0.0,1
1,1,0,0,0.0,0
1,1,0,0,0.0,1
1,1,0,0,0.0,1
1,1,0,0,0.0,1
1,1,0,0,0.0,1
1,1,0,0,0.0,1
1,1,0,0,1.0054142e-34,1
1,1,0,0,0.0,1
1,1,0,0,0.0,1
1,1,0,0,0.0,1
1,1,0,0,5.892933e-38,1
1,1,0,0,0.0,0
1,1,0,0,0.0,0
1,1,0,0,0.0,1
1,1,1,1,1.0,1
1,1,0,0,0.0,1
1,1,0,0,0.0,0
1,1,0,0,0.0,1
1,1,1,1,1.0,0
1,1,0,0,0.0,1
1,1,0,0,0.0,1
1,1,0,0,0.0,1
1,1,0,0,0.0,0
1,1,0,0,0.0,1
1,1,0,0,0.0,0
1,1,0,0,0.0,1
1,1,0,0,0.0,0
1,1,0,0,0.0,0
1,1,0,0,0.0,1
1,1,0,1,6.1996864e-27,1
1,1,0,0,2.4514475e-38,1
1,1,0,0,0.0,1
1,1,0,0,0.0,1
1,1,0,0,0.0,1
1,1,0,0,0.0,1
1,1,0,0,0.0,0
1,1,0,0,0.0,0
1,1,0,0,0.0,1
1,1,0,0,0.0,0
1,1,0,0,0.0,0
1,1,1,1,1.0,1
1,1,0,0,0.0,1
1,1,0,0,0.0,0
1,1,0,0,0.0,0
1,1,0,0,0.0,0
1,1,0,0,0.0,1
1,1,0,0,0.0,1
1,1,0,0,3.1399485e-31,1
1,1,0,0,0.0,1
1,1,0,0,0.0,1
1,1,0,0,0.0,1
1,1,0,0,0.0,1
1,1,1,1,1.0,1
1,1,0,0,0.0,1
1,1,0,0,0.0,1
1,1,0,0,3.5074078e-26,1
1,1,0,0,0.0,1
1,1,0,0,0.0,0
1,1,0,0,0.0,0
1,1,0,0,0.0,1
1,1,0,0,0.0,1
1,1,0,0,0.0,1
1,1,0,0,0.0,1
1,1,1,1,1.0,1
1,1,0,0,0.0,1
1,1,0,0,0.0,1
1,1,0,0,0.0,0
1,1,0,0,0.0,1
1,1,0,0,0.0,1
1,1,0,0,0.0,0
1,1,0,0,0.0,1
1,1,0,0,0.0,1
1,1,0,0,0.0,1
1,1,0,0,0.0,1
1,1,0,0,0.0,0
1,1,0,0,0.0,1
1,1,0,0,0.0,0
1,1,0,0,0.0,1
1,1,0,0,0.0,0
1,1,0,0,0.0,0
1,1,0,0,0.0,0
1,1,0,0,0.0,1
1,1,0,0,0.0,1
1,1,0,0,0.0,1
1,1,0,0,0.0,0
1,1,0,1,0.0,1
1,1,0,0,0.0,1
1,1,0,0,0.0,0
1,1,0,0,0.0,1
1,1,0,0,0.0,0
1,1,0,0,0.0,1
1,1,0,0,0.0,0
1,1,0,0,0.0,0
1,1,0,0,0.0,0
1,1,0,0,0.0,0
1,1,0,0,0.0,0
1,1,1,1,1.0,1
1,1,0,0,0.0,0
1,1,0,0,0.0,1
1,1,0,0,0.0,0
1,1,0,0,0.0,1
1,1,0,0,0.0,0
1,1,0,0,0.0,1
1,1,0,0,0.0,1
1,1,0,0,0.0,1
1,1,0,0,0.0,0
1,1,0,0,0.0,0
1,1,0,0,0.0,0
1,1,0,0,0.0,0
1,1,0,0,1.6524202e-34,0
1,1,0,0,0.0,1
1,1,0,0,0.0,1
1,1,0,0,0.0,0
1,1,0,0,2.4838964e-37,0
1,1,0,0,0.0,0
1,1,0,0,0.0,1
1,1,0,0,0.0,1
1,1,0,0,0.0,0
1,1,0,0,0.0,1
1,1,0,0,0.0,1
1,1,0,0,0.0,1
1,1,0,0,0.0,1
1,1,0,0,0.0,1
1,1,0,0,0.0,1
1,1,0,0,0.0,1
1,1,0,0,0.0,1
1,1,0,0,0.0,1
1,1,0,0,0.0,1
1,1,0,0,0.0,1
1,1,1,1,1.0,1
1,1,0,0,3.0796982e-16,0
1,1,0,0,0.0,0
1,1,0,0,0.0,0
1,1,0,0,0.0,1
1,1,0,0,0.0,1
1,1,0,0,0.0,0
1,1,0,0,0.0,0
1,1,0,0,0.0,1
1,1,0,0,0.0,1
1,1,0,0,0.0,1
1,1,0,1,4.353774e-29,1
1,1,0,0,0.0,1
1,1,0,0,0.0,1
1,1,0,0,0.0,0
1,1,0,0,0.0,1
1,1,0,0,0.0,1
1,1,0,0,0.0,1
1,1,0,1,1.4476895e-29,1
1,1,0,0,0.0,1
1,1,0,0,0.0,1
1,1,0,0,0.0,1
1,1,1,1,1.0,1
1,1,0,0,3.4228937e-33,1
1,1,0,0,0.0,1
1,1,0,0,0.0,1
1,1,0,0,0.0,1
1,1,0,0,0.0,1
1,1,0,0,0.0,0
1,1,0,0,0.0,1
1,1,0,0,1.0976953e-36,0
1,1,0,0,0.0,1
1,1,0,0,0.0,1
1,1,1,1,1.0,1
1,1,0,1,0.0,1
1,1,0,0,6.1565236e-23,1
1,1,0,0,0.0,1
1,1,0,1,0.0,1
1,1,0,0,3.1721667e-38,0
1,1,0,0,0.0,1
1,1,0,0,0.0,0
1,1,0,0,0.0,1
1,1,0,0,0.0,1
1,1,0,0,0.0,1
1,1,0,1,0.0,1
1,1,1,1,1.0,1
1,1,0,0,0.0,1
1,1,0,0,2.869496e-26,1
1,1,0,0,0.0,1
1,1,0,0,6.368815e-23,1
1,1,0,0,1.0,0
1,1,0,0,0.0,1
1,1,0,0,0.0,1
1,1,0,0,0.0,0
1,1,0,0,0.0,1
1,1,0,0,0.0,1
1,1,0,1,2.9999052e-35,1
1,1,0,0,0.0,1
1,1,0,0,0.0012948217,0
1,1,0,0,0.0,1
1,1,0,0,0.0,0
1,1,0,0,0.0,1
1,1,0,0,0.0,1
1,1,0,0,0.0,1
1,1,0,1,0.0,1
1,1,0,0,0.0,1
1,1,0,0,4.1206587e-20,0
1,1,0,1,0.0,1
1,1,0,0,0.0,1
1,1,0,0,0.0,1
1,1,0,0,0.0,1
1,1,0,0,0.0,1
1,1,0,0,0.0,1
1,1,0,0,0.0,1
1,1,0,0,0.0,1
1,1,0,1,3.0648594e-32,1
1,1,0,0,0.0,0
1,1,0,0,0.0,1
1,1,0,1,0.0,1
1,1,0,0,0.0,1
1,1,0,0,0.0,1
1,1,0,0,0.0,1
1,1,0,0,0.0,1
1,1,0,0,0.0,0
1,1,0,0,0.0,1
1,1,0,0,0.0,0
1,1,0,0,3.6215947e-31,1
1,1,0,0,0.0,1
1,1,0,0,0.0,1
1,1,0,1,3.0500657e-20,0
1,1,0,0,0.0,1
1,1,0,0,0.0,0
1,1,0,0,1.3728238e-26,1
1,1,0,0,0.0,1
1,1,0,0,0.0,0
1,1,0,0,0.0,1
1,1,0,0,0.0,1
1,1,0,0,0.0,1
1,1,0,0,3.2741605e-38,1
1,1,0,1,1.317503e-29,1
1,1,0,0,3.9407405e-37,1
1,1,0,0,0.0,1
1,1,0,1,0.0784789,0
1,1,0,0,0.0,1
1,1,0,0,0.0,1
1,1,1,1,8.366794e-07,0
1,1,0,0,3.6058834e-36,1
1,1,1,1,1.0,1
1,1,0,0,3.4743487e-30,0
1,1,0,0,0.0,1
1,1,1,1,1.0,1
1,1,1,1,1.0,1
1,1,1,1,1.0,1
1,1,0,0,0.0,0
1,1,0,0,0.0,0
1,1,0,0,0.0,0
1,1,0,0,0.0,0
1,1,0,0,2.4191588e-36,0
1,1,0,0,0.0,1
1,1,0,0,0.0,1
1,1,0,0,2.119085e-37,1
1,1,0,0,0.0,0
1,1,1,1,1.0,0
1,1,0,0,0.0,1
1,1,0,0,0.0,0
1,1,0,0,0.0,0
1,1,0,0,0.0,1
1,1,0,0,5.960023e-26,0
1,1,0,0,0.0,1
1,1,0,0,4.6600296e-20,0
1,1,0,0,0.0,1
1,1,0,0,9.5850963e-35,0
1,1,0,0,0.0,1
1,1,0,0,4.0198926e-36,1
1,1,0,0,0.0,1
1,1,0,0,0.0,0
1,1,0,0,0.0,1
1,1,0,0,0.0,1
1,1,0,0,0.0,1
1,1,0,0,0.0,1
1,1,0,0,9.817118e-35,1
1,1,0,1,0.0,0
1,1,0,1,0.0,1
1,1,0,0,3.7438906e-38,1
1,1,1,1,0.9999988,0
1,1,1,1,1.0,0
1,1,0,0,0.0,0
1,1,0,0,0.0,1
1,1,0,0,0.0,1
1,1,0,0,0.0,1
1,1,0,0,0.0,1
1,1,0,0,0.0,0
1,1,0,0,0.0,1
1,1,0,0,0.0,1
1,1,0,0,0.0,1
1,1,0,0,0.0,1
1,1,1,1,1.0,1
1,1,0,0,0.0,1
1,1,0,0,0.0,0
1,1,0,0,0.0,0
1,1,0,0,0.0,1
1,1,0,0,0.0,1
1,1,0,0,0.0,1
1,1,0,0,0.0,1
1,1,0,0,0.0,1
1,1,0,0,0.0,1
1,1,0,0,0.0,0
1,1,1,1,1.0,1
1,1,0,0,0.0,1
1,1,0,0,0.0,1
1,1,0,0,0.0,0
1,1,0,0,0.0,0
1,1,0,0,0.0,0
1,1,0,0,0.0,1
1,1,0,0,0.0,0
1,1,0,0,0.0,1
1,1,0,0,0.0,1
1,1,0,1,2.2368583e-31,1
1,1,0,0,0.0,1
1,1,0,0,0.0,0
1,1,0,0,4.806715e-32,0
1,1,0,0,0.0,1
1,1,0,0,0.0,1
1,1,0,0,0.0,1
1,1,0,0,0.0,1
1,1,0,0,0.0,1
1,1,0,0,0.0,1
1,1,0,0,0.0,0
1,1,0,0,0.0,1
1,1,1,1,1.0,1
1,1,0,0,0.0,1
1,1,0,0,0.0,1
1,1,0,0,0.0,1
1,1,0,0,0.0,1
1,1,0,0,0.0,1
1,1,0,0,0.0,0
1,1,0,0,0.0,1
1,1,0,0,0.0,1
1,1,0,0,0.0,1
1,1,0,0,0.0,1
1,1,1,1,1.0,0
1,1,0,0,4.5576375e-36,1
1,1,0,0,0.0,1
1,1,0,0,0.0,1
1,1,0,0,0.0,1
1,1,0,0,0.0,1
1,1,0,0,0.0,1
1,1,0,0,0.0,1
1,1,0,0,0.0,1
1,1,0,0,0.0,0
1,1,0,0,9.7664444e-32,1
1,1,1,1,1.0,0
1,1,0,0,2.7658955e-30,1
1,1,0,1,9.8311235e-37,1
1,1,1,1,1.0,0
1,1,0,0,1.3314768e-31,1
1,1,1,1,1.0,1
1,1,1,1,1.0,1
1,1,1,1,1.0,0
1,1,1,1,1.0,1
1,1,1,1,1.0,1
1,1,1,1,4.3337817e-33,0
1,1,1,1,1.0,1
1,1,1,1,1.0,1
1,1,0,1,2.5092008e-29,1
1,1,1,1,1.0,1
1,1,0,0,0.0,0
1,1,1,1,1.0,1
1,1,1,1,1.0,1
1,1,1,1,1.0,0
1,1,0,0,0.0,1
1,1,1,1,1.367939e-06,0
1,1,1,1,1.0,1
1,1,0,0,0.0,1
1,1,1,1,1.0,0
1,1,1,1,1.0,1
1,1,1,1,1.0,1
1,1,0,0,0.0,1
1,1,0,0,0.0,0
1,1,1,1,1.0,1
1,1,1,1,1.0,0
1,1,1,1,1.0,1
1,1,1,1,1.0,1
1,1,0,0,0.0,1
1,1,0,0,0.0,1
1,1,0,1,1.0,0
1,1,1,1,1.0,0
1,1,1,1,1.0,1
1,1,1,1,1.0,1
1,1,1,1,1.0,0
1,1,1,1,1.0,1
1,1,1,1,1.0,1
1,1,1,1,1.0,0
1,1,1,1,1.0,0
1,1,1,1,1.0,1
1,1,1,1,1.0,1
1,1,1,1,1.0,1
1,1,1,1,1.0,1
1,1,1,1,2.1411742e-19,0
1,1,1,1,2.0642096e-21,0
1,1,1,1,1.0,0
1,1,1,1,1.0,1
1,1,1,1,1.0,1
1,1,1,1,1.0,1
1,1,0,0,0.0,1
1,1,1,1,1.0,1
1,1,0,1,1.254742e-35,1
1,1,0,0,0.0,1
1,1,0,1,1.2387458e-31,1
1,1,1,1,1.0,0
1,1,1,1,1.0,1
1,1,1,1,1.0,1
1,1,1,1,1.0,0
1,1,0,1,2.3913417e-34,1
1,1,1,1,1.0,1
1,1,1,1,1.0,1
1,1,1,1,1.0,1
1,1,1,1,1.0,1
1,1,1,1,1.0,1
1,1,0,0,0.0,1
1,1,0,0,0.0,0
1,1,0,1,6.614202e-34,1
1,1,0,1,1.0,0
1,1,1,1,1.0,1
1,1,0,1,1.6875513e-35,1
1,1,1,1,1.0,1
1,1,1,1,2.2678882e-27,0
1,1,1,1,1.0,1
1,1,1,1,1.0,1
1,1,0,0,0.0,0
1,1,0,1,0.0,1
1,1,0,0,0.0,0
1,1,1,1,1.0,1
1,1,1,1,1.0,0
1,1,0,0,0.0,1
1,1,1,1,1.0,0
1,1,1,1,1.0,0
1,1,0,1,1.439877e-14,0
1,1,1,1,1.0,1
1,1,1,1,1.0,0
1,1,0,0,0.0,0
1,1,1,1,1.0,1
1,1,1,1,1.0,0
1,1,1,1,1.0,0
1,1,1,1,1.0,0
1,1,1,1,1.0,1
1,1,1,1,1.0,0
1,1,1,1,1.0,1
1,1,0,1,2.5408575e-32,1
1,1,1,1,1.0,1
1,1,1,1,1.0,0
1,1,0,0,0.0,1
1,1,1,1,1.0,0
1,1,1,1,0.9999999,0
1,1,1,1,1.0,1
1,1,1,1,1.0,0
1,1,1,1,1.0,1
1,1,0,0,0.0,0
1,1,1,1,1.0,1
1,1,1,1,1.0,1
1,1,1,1,1.0,1
1,1,1,1,1.0,1
1,1,0,0,0.0,0
1,1,1,1,1.0,1
1,1,1,1,1.0,1
1,1,1,1,1.0,1
1,1,0,0,0.0,1
1,1,1,1,1.0,1
1,1,0,0,0.0,1
1,1,1,1,1.0,1
1,1,1,1,1.0,1
1,1,0,1,2.05336e-05,0
1,1,0,1,2.049248e-36,1
1,1,0,0,0.0,1
1,1,0,0,0.0,1
1,1,1,1,1.0,1
1,1,0,0,1.284563e-32,0
1,1,0,1,1.0,0
1,1,1,1,1.0,1
1,1,1,1,1.0,0
1,1,0,1,7.315669e-27,1
1,1,1,1,0.0002822732,0
1,1,1,1,1.0,1
1,1,1,1,1.0,1
1,1,0,0,0.0,1
1,1,1,1,1.0,1
1,1,1,1,1.0,1
1,1,0,1,0.0,1
1,1,1,1,1.0,1
1,1,0,1,0.0,1
1,1,1,1,1.0,1
1,1,0,1,2.1583337e-23,1
1,1,1,1,1.0,0
1,1,1,1,1.0,1
1,1,1,1,1.0,1
1,1,0,0,0.0,1
1,1,1,1,1.0,1
1,1,1,1,1.0,1
1,1,1,1,1.0,1
1,1,1,1,1.0,1
1,1,1,1,1.0,1
1,1,0,1,0.0,1
1,1,1,1,1.0,1
1,1,1,1,1.0,0
1,1,1,1,1.0,1
1,1,1,1,1.0,0
1,1,0,1,0.0,1
1,1,0,0,0.0,0
1,1,1,1,1.0,1
1,1,1,1,1.0,1
1,1,0,1,0.0,1
1,1,1,1,1.0,1
1,1,1,1,1.0,1
1,1,1,1,1.0,1
1,1,0,0,1.8042584e-21,0
1,1,1,1,1.0,1
1,1,1,1,1.0,1
1,1,0,0,0.0,1
1,1,0,0,0.0,1
1,1,1,1,1.0,1
1,1,1,1,1.0,0
1,1,1,1,1.0,0
1,1,0,1,0.0,1
1,1,0,1,0.0,1
1,1,0,1,0.0,1
1,1,1,1,1.0,1
1,1,1,1,1.0,1
1,1,1,1,1.0,0
1,1,1,1,1.0,1
1,1,0,0,0.0,1
1,1,1,1,1.0,0
1,1,1,1,6.81399e-26,0
1,1,0,1,3.0712505e-24,0
1,1,1,1,1.0,0
1,1,1,1,1.0,0
1,1,1,1,1.0,0
1,1,1,1,1.0,1
1,1,0,0,1.4029549e-31,1
1,1,1,1,1.0,1
1,1,1,1,1.0,0
1,1,0,0,0.0,1
1,1,1,1,1.0,1
1,1,1,1,1.0,1
1,1,1,1,1.0,1
1,1,1,1,1.0,1
1,1,1,1,1.0,1
1,1,1,1,1.0,1
1,1,1,1,1.0,1
1,1,1,1,1.0,1
1,1,1,1,1.0,1
1,1,0,0,0.0,1
1,1,0,0,1.1898968e-37,1
1,1,1,1,1.0,1
1,1,0,1,6.9116315e-28,1
1,1,1,1,1.0,1
1,1,0,1,6.622633e-27,1
1,1,0,1,1.9597413e-32,1
1,1,1,1,1.0,1
1,1,1,1,1.0,0
1,1,0,0,0.0,1
1,1,0,0,0.0,1
1,1,0,1,0.0,1
1,1,0,0,0.0,1
1,1,1,1,1.0,1
1,1,1,1,2.2368548e-19,0
1,1,1,1,1.0,0
1,1,1,1,1.0,1
1,1,1,1,1.0,0
1,1,1,1,1.0,1
1,1,1,1,0.99999976,0
1,1,1,1,1.0,1
1,1,1,1,1.0,1
1,1,1,1,1.0,0
1,1,0,0,0.0,0
1,1,1,1,1.0,1
1,1,1,1,1.0,1
1,1,0,0,0.0,0
1,1,1,1,1.0,1
1,1,0,1,0.0,1
1,1,1,1,1.0,1
1,1,1,1,1.0,1
1,1,0,0,0.0,0
1,1,0,0,1.2368287e-31,1
1,1,1,1,1.2636665e-13,0
1,1,0,0,0.0,1
1,1,0,1,8.57639e-31,1
1,1,0,1,6.581616e-24,0
1,1,0,1,0.0,1
1,1,1,1,1.0,1
1,1,1,1,1.0,1
1,1,1,1,1.0,1
1,1,1,1,1.0,0
1,1,1,1,1.0,0
1,1,0,0,0.0,1
1,1,1,1,1.0,1
1,1,0,0,0.0,1
1,1,0,1,3.2569784e-18,1
1,1,0,0,1.337882e-38,1
1,1,0,0,0.0,1
1,1,0,1,7.2966795e-37,1
1,1,1,1,1.0,1
1,1,0,0,0.0,1
1,1,1,1,1.0,0
1,1,0,0,0.0,0
1,1,0,0,0.0,0
1,1,0,1,3.2522836e-34,1
1,1,0,0,0.0,0
1,1,1,1,1.0,1
1,1,0,0,0.0,1
1,1,0,1,6.1815724e-35,1
1,1,0,0,0.0,1
1,1,0,0,0.0,0
1,1,1,1,1.0,1
1,1,1,1,2.938132e-07,0
1,1,1,1,1.0,1
1,1,0,1,0.0,0
1,1,0,0,0.0,1
1,1,1,1,1.0,1
1,1,0,0,0.0,1
1,1,1,1,1.0,1
1,1,1,1,1.0,1
1,1,1,1,1.0,0
1,1,0,0,0.0,1
1,1,0,0,0.0,1
1,1,1,1,1.0,0
1,1,0,0,0.0,1
1,1,1,1,1.0,0
1,1,1,1,1.0,0
1,1,0,1,1.0,0
1,1,0,0,0.0,0
1,1,0,0,0.0,1
1,1,1,1,4.2081585e-26,0
1,1,0,0,0.0,0
1,1,0,1,0.0,1
1,1,0,0,0.0,1
1,1,0,0,0.0,1
1,1,0,1,2.6913287e-32,1
1,1,0,1,0.0,1
1,1,0,0,0.0,1
1,1,0,1,1.3629853e-22,0
1,1,0,0,0.0,0
1,1,0,0,0.0,1
1,1,0,1,1.8262956e-33,1
1,1,1,1,1.0,1
1,1,0,0,0.0,1
1,1,0,0,0.0,1
1,1,0,0,0.0,1
1,1,0,0,4.507475e-23,0
1,1,0,0,0.0,1
1,1,0,0,0.0,1
1,1,0,1,0.0,1
1,1,0,0,0.0,1
1,1,0,0,0.0,1
1,1,0,1,1.0,0
1,1,1,1,1.0,1
1,1,1,1,1.0,1
1,1,0,1,2.0560598e-29,1
1,1,1,1,1.0,1
1,1,1,1,1.0,1
1,1,1,1,1.0,1
1,1,1,1,1.0,1
1,1,0,0,0.0,1
1,1,0,0,0.0,1
1,1,1,1,1.0,1
1,1,0,0,0.0,0
1,1,1,1,1.0,1
1,1,0,1,1.0,0
1,1,0,0,0.0,1
1,1,1,1,1.0,1
1,1,0,0,0.0,0
1,1,1,1,1.0,1
1,1,0,0,0.0,1
1,1,0,0,5.2962726e-38,1
1,1,0,0,0.0,1
1,1,0,0,0.0,1
1,1,1,1,1.0,1
1,1,1,1,1.0,1
1,1,1,1,1.0,1
1,1,1,1,1.0,0
1,1,0,1,0.0,1
1,1,1,1,1.0,1
1,1,0,1,1.8423187e-26,1
1,1,1,1,1.0,1
1,1,0,0,1.0,0
1,1,1,1,1.0,1
1,1,0,0,0.0,1
1,1,0,0,1.2705778e-37,1
1,1,0,1,9.309591e-29,1
1,1,1,1,1.0,1
1,1,1,1,1.0,1
1,1,1,1,1.0,1
1,1,0,1,0.0,1
1,1,1,1,1.0,0
1,1,1,1,1.0,1
1,1,0,1,0.0,1
1,1,1,1,1.0,0
1,1,0,0,0.0,1
1,1,0,0,0.0,1
1,1,0,1,1.5502052e-33,1
1,1,0,0,4.1689244e-30,1
1,1,0,0,0.0,1
1,1,0,1,5.089154e-26,1
1,1,0,1,1.4299217e-16,0
1,1,1,1,1.0,0
1,1,0,1,1.0,0
1,1,1,1,4.051394e-34,0
1,1,1,1,1.0,1
1,1,0,0,0.0,1
1,1,1,1,1.0,1
1,1,0,0,8.237055e-37,1
1,1,1,1,1.0,1
1,1,0,1,5.0411905e-36,1
1,1,1,1,1.0,1
1,1,1,1,1.0,1
1,1,1,1,1.0,1
1,1,0,1,0.0,1
1,1,1,1,1.0,1
1,1,1,1,1.0,1
1,1,0,1,1.0815463e-23,1
1,1,1,1,1.0,0
1,1,1,1,1.0,1
1,1,1,1,1.0,1
1,1,1,1,1.0,1
1,1,1,1,1.0,0
1,1,0,1,3.3156162e-36,1
1,1,1,1,9.712e-28,0
1,1,0,0,0.0,1
1,1,0,0,0.0,0
1,1,0,0,1.3228032e-18,0
1,1,1,1,1.0,1
1,1,0,1,2.4820185e-24,1
1,1,0,0,0.0,0
1,1,1,1,1.0,1
1,1,0,0,0.0,1
1,1,0,0,0.0,1
1,1,1,1,1.0,1
1,1,1,1,0.0,0
1,1,0,1,0.0,1
1,1,0,0,0.0,1
1,1,0,0,2.2148244e-16,0
1,1,0,0,0.0,1
1,1,0,1,3.2668493e-31,0
1,1,1,1,3.1800972e-34,0
1,1,0,0,0.0,1
1,1,0,1,7.6050605e-27,1
1,1,0,1,0.0,1
1,1,0,0,0.0,1
1,1,0,0,7.3712465e-27,1
1,1,0,0,0.0,1
1,1,0,1,0.0,1
1,1,0,0,0.0,1
1,1,0,0,0.0,1
1,1,0,0,0.0,0
1,1,0,0,0.0,1
1,1,0,0,0.0,1
1,1,0,0,0.0,1
1,1,0,0,0.0,1
1,1,1,1,2.4491056e-12,0
1,1,0,1,2.9143158e-27,1
1,1,1,1,1.0,1
1,1,1,1,1.0,1
1,1,1,1,1.0,1
1,1,1,1,1.0,0
1,1,1,1,1.0,1
1,1,1,1,1.4656264e-29,0
1,1,0,0,8.0991286e-27,1
1,1,1,1,1.0,0
1,1,1,1,1.0,1
1,1,1,1,1.0,1
1,1,1,1,1.0,1
1,1,1,1,1.0,1
1,1,0,1,6.3615604e-05,0
1,1,1,1,1.0,1
1,1,0,0,0.0,1
1,1,1,1,1.0,0
1,1,0,1,1.0,0
1,1,0,1,4.1779045e-22,0
1,1,1,1,1.0,1
1,1,1,1,1.0,0
1,1,1,1,1.0,1
1,1,0,1,1.2406727e-35,1
1,1,1,0,1.0,1
1,1,0,1,0.0,1
1,1,1,1,1.0,1
1,1,0,0,0.0,1
1,1,0,1,1.9848962e-36,1
1,1,1,0,1.0,1
1,1,1,1,1.0,1
1,1,1,1,1.0,1
1,1,1,1,1.0,1
1,1,0,1,0.0,1
1,1,1,1,1.0,1
1,1,1,1,1.0,0
1,1,0,0,0.0,0
1,1,1,1,1.0,1
1,1,0,0,4.7301364e-32,1
1,1,1,1,1.0,1
1,1,1,1,1.0,0
1,1,1,1,1.0,1
1,1,1,1,1.0,1
1,1,1,1,1.0,1
1,1,0,0,0.0,1
1,1,1,1,1.0,1
1,1,1,1,1.0,1
1,1,1,1,1.0,1
1,1,1,1,1.0,0
1,1,0,0,0.0,1
1,1,1,1,1.0,0
1,1,1,1,1.0,0
1,1,1,1,1.0,1
1,1,1,1,1.0,1
1,1,1,1,1.0,0
1,1,1,1,1.0,1
1,1,0,1,0.0,1
1,1,1,1,1.0,1
1,1,1,1,1.0,0
1,1,0,1,0.0,0
1,1,0,1,1.093389e-17,0
1,1,0,1,0.106925845,0
1,1,1,1,1.0,1
1,1,0,1,0.0,1
1,1,1,1,1.0,1
1,1,1,1,1.0,1
1,1,0,0,0.0,1
1,1,0,0,0.0,1
1,1,1,1,1.0,0
1,1,1,1,1.0,1
1,1,1,1,1.0,1
1,1,1,1,0.0,0
1,1,1,1,1.0,0
1,1,1,1,1.0,1
1,1,1,1,1.0,1
1,1,0,0,0.0,1
1,1,1,1,1.0,1
1,1,1,1,1.0,1
1,1,1,1,1.0,1
1,1,1,1,1.0,1
1,1,1,1,1.0,1
1,1,1,1,1.0,1
1,1,1,1,1.0,1
1,1,0,0,0.0,0
1,1,0,0,0.0,1
1,1,0,1,0.0,0
1,1,0,1,0.0,1
1,1,0,0,0.0,1
1,1,0,0,0.0,0
1,1,0,0,0.0,0
1,1,1,1,1.0,0
1,1,0,0,0.0,1
1,1,0,0,0.0,1
1,1,1,1,1.0,1
1,1,1,1,1.0,1
1,1,1,1,1.0,1
1,1,1,1,1.0,1
1,1,0,0,0.0,1
1,1,0,0,0.0,1
1,1,0,0,1.0,0
1,1,0,0,0.0,1
1,1,0,0,0.0,0
1,1,0,0,0.0,0
1,1,1,1,1.0,1
1,1,1,1,1.0,1
1,1,0,0,0.0,0
1,1,1,1,1.0,1
1,1,0,0,0.0,1
1,1,0,0,0.0,1
1,1,0,0,0.0,1
1,1,0,0,0.0,1
1,1,0,0,0.0,1
1,1,0,0,0.0,0
1,1,0,0,0.0,0
1,1,0,0,0.0,1
1,1,0,0,0.0,0
1,1,0,0,0.0,1
1,1,1,1,6.218302e-20,0
1,1,0,0,0.0,1
1,1,0,0,0.0,1
1,1,0,0,0.0,0
1,1,0,0,0.0,0
1,1,0,0,0.0,1
1,1,0,0,0.0,1
1,1,0,0,0.0,0
1,1,0,0,0.0,0
1,1,0,0,0.0,1
1,1,0,0,0.0,1
1,1,0,1,0.0,1
1,1,1,1,1.0,0
1,1,1,1,1.0,1
1,1,0,0,0.0,1
1,1,0,0,0.0,0
1,1,0,0,0.0,1
1,1,1,1,1.0,0
1,1,0,0,0.0,1
1,1,1,1,1.0,0
1,1,1,1,1.0,1
1,1,0,0,0.0,1
1,1,1,1,1.0,1
1,1,0,0,0.0,0
1,1,0,0,0.0,0
1,1,0,0,0.0,1
1,1,0,1,1.1691238e-36,1
1,1,0,0,0.0,1
1,1,0,0,0.0,0
1,1,0,0,0.0,1
1,1,0,0,0.0,1
1,1,0,0,2.0124791e-38,1
1,1,0,0,0.0,1
1,1,0,0,0.0,1
1,1,0,0,0.0,1
1,1,0,0,0.0,0
1,1,1,1,1.0,1
1,1,0,0,0.0,0
1,1,0,0,0.0,1
1,1,0,0,3.9319947e-14,0
1,1,0,0,6.2135026e-38,1
1,1,1,1,1.0,1
1,1,0,1,9.353734e-29,0
1,1,1,1,1.0,1
1,1,1,1,1.0,1
1,1,0,0,0.0,1
1,1,0,0,0.0,1
1,1,0,0,0.0,0
1,1,0,0,0.0,1
1,1,1,1,1.0,1
1,1,0,0,0.0,0
1,1,0,0,0.0,1
1,1,0,0,0.0,0
1,1,0,0,0.0,1
1,1,0,0,0.0,0
1,1,1,1,1.0,0
1,1,0,0,0.0,1
1,1,0,0,0.0,1
1,1,0,0,0.0,1
1,1,0,0,0.0,1
1,1,0,0,0.0,1
1,1,0,0,0.0,1
1,1,0,0,0.0,1
1,1,0,0,0.0,1
1,1,0,0,0.0,1
1,1,0,0,0.0,0
1,1,0,1,0.006163525,0
1,1,0,0,0.0,1
1,1,0,0,0.0,1
1,1,0,0,0.0,1
1,1,0,0,0.0,1
1,1,0,0,0.0,1
1,1,0,0,0.0,0
1,1,0,0,0.0,1
1,1,0,0,0.0,1
1,1,0,0,0.0,0
1,1,0,0,0.0,1
1,1,1,1,1.0,1
1,1,1,1,1.0,1
1,1,0,0,0.0,0
1,1,0,0,3.7874685e-33,1
1,1,0,0,0.0,0
1,1,0,0,0.0,0
1,1,1,1,1.0,1
1,1,1,1,1.0,1
1,1,0,1,2.7583968e-35,1
1,1,1,1,1.0,1
1,1,1,1,1.0,1
1,1,0,0,0.0,1
1,1,1,1,1.0,1
1,1,1,1,1.0,1
1,1,0,0,0.0,1
1,1,0,1,1.0,0
1,1,0,0,0.0,0
1,1,0,0,0.0,1
1,1,0,0,0.0,1
1,1,0,0,0.0,1
1,1,0,0,8.757744e-35,0
1,1,1,1,1.0,1
1,1,0,0,0.0,1
1,1,1,1,1.0,1
1,1,1,1,1.0,1
1,1,1,1,1.0,0
1,1,1,1,1.0,1
1,1,0,0,0.0,1
1,1,0,0,5.947022e-37,1
1,1,1,1,2.4003403e-11,0
1,1,0,0,0.0,1
1,1,0,1,0.0,1
1,1,0,0,0.0,0
1,1,0,0,0.0,0
1,1,0,0,0.0,0
1,1,0,0,0.0,1
1,1,0,0,0.0,1
1,1,0,0,0.0,0
1,1,0,0,0.0,1
1,1,0,0,0.0,1
1,1,0,0,0.0,0
1,1,0,0,0.0,0
1,1,0,1,0.0,1
1,1,1,1,1.0,1
1,1,0,0,0.0,1
1,1,1,1,1.0,1
1,1,0,0,0.0,1
1,1,0,0,0.0,1
1,1,0,0,0.0,1
1,1,0,0,1.65472e-37,0
1,1,0,0,0.0,1
1,1,0,0,0.0,1
1,1,0,0,0.0,1
1,1,0,0,0.0,1
1,1,0,0,0.0,0
1,1,0,0,4.8071513e-26,1
1,1,0,1,6.3796296e-25,1
1,1,0,0,0.0,1
1,1,0,0,0.0,1
1,1,0,0,0.0,1
1,1,0,0,0.0,0
1,1,0,0,0.0,1
1,1,0,0,0.0,1
1,1,0,0,0.0,0
1,1,1,1,1.0,1
1,1,0,0,8.0620065e-29,1
1,1,0,0,0.0,0
1,1,1,1,1.0,1
1,1,0,0,0.0,0
1,1,0,0,0.0,1
1,1,0,0,0.0,1
1,1,0,0,0.0,0
1,1,0,0,0.0,1
1,1,0,0,0.0,0
1,1,0,0,0.0,1
1,1,0,0,5.3360033e-37,0
1,1,0,0,0.0,1
1,1,0,0,2.0458241e-16,0
1,1,0,1,0.0,1
1,1,0,0,0.0,1
1,1,0,0,0.0,0
1,1,0,0,0.0,1
1,1,0,0,0.0,1
1,1,0,0,0.0,1
1,1,0,0,9.910422e-37,1
1,1,0,1,0.0,1
1,1,0,0,0.0,1
1,1,0,0,0.0,0
1,1,0,0,0.0,1
1,1,0,1,0.0,1
1,1,0,0,0.0,1
1,1,0,1,2.6061898e-38,1
1,1,0,0,0.0,1
1,1,0,0,0.0,1
1,1,0,1,6.968049e-27,1
1,1,0,0,1.3189351e-23,1
1,1,0,0,0.0,1
1,1,0,0,0.0,0
1,1,0,0,0.0,1
1,1,0,0,0.0,0
1,1,1,1,1.0,1
1,1,1,1,1.0,1
1,1,0,0,1.0177941e-18,1
1,1,0,0,0.0,1
1,1,0,0,1.7535329e-33,1
1,1,0,0,0.0,1
1,1,0,0,0.0,0
1,1,0,0,0.0,1
1,1,0,0,0.0,1
1,1,0,0,2.4550647e-34,1
1,1,0,0,0.0,0
1,1,0,1,4.491841e-29,0
1,1,1,1,1.0,0
1,1,0,0,0.0,0
1,1,0,0,0.0,0
1,1,0,0,0.0,1
1,1,0,0,0.0,1
1,1,0,0,0.0,1
1,1,0,0,0.0,0
1,1,0,0,0.0,1
1,1,0,0,0.0,1
1,1,0,0,0.0,1
1,1,0,0,0.0,1
1,1,1,1,1.0,0
1,1,0,0,0.0,0
1,1,0,0,0.0,1
1,1,0,0,0.0,0
1,1,0,1,0.0,1
1,1,0,0,0.0,1
1,1,0,0,0.0,1
1,1,0,0,0.0,1
1,1,0,0,0.0,1
1,1,0,0,2.194826e-06,0
1,1,0,0,0.0,1
1,1,1,1,1.0,1
1,1,0,0,0.0,1
1,1,1,1,1.0,0
1,1,0,0,0.0,1
1,1,0,0,0.0,1
1,1,0,0,4.4403595e-20,0
1,1,0,0,0.0,1
1,1,0,0,0.0,1
1,1,0,0,0.0,1
1,1,0,0,0.0,1
1,1,0,0,0.0,0
1,1,0,0,6.72639e-33,1
1,1,0,0,0.0,1
1,1,0,1,0.0,1
1,1,0,0,0.0,1
1,1,0,0,0.0,0
1,1,0,1,1.16123215e-32,1
1,1,0,0,0.0,0
1,1,0,1,0.0,1
1,1,0,0,0.0,1
1,1,0,0,0.0,0
1,1,0,0,0.0,1
1,1,1,1,1.0,0
1,1,0,0,0.0,1
1,1,0,0,0.0,1
1,1,0,0,0.0,1
1,1,0,0,0.0,1
1,1,0,0,0.0,1
1,1,0,0,0.0,1
1,1,0,0,2.4597276e-31,0
1,1,0,0,0.0,1
1,1,0,0,0.0,1
1,1,0,0,0.0,1
1,1,0,1,1.0,0
1,1,0,0,0.0,1
1,1,0,0,0.0,1
1,1,0,0,0.0,1
1,1,0,0,1.5028183e-35,0
1,1,0,0,0.0,1
1,1,1,1,0.0,0
1,1,0,1,0.0,1
1,1,0,0,1.0563315e-37,0
1,1,0,0,0.0,1
1,1,0,0,0.0,0
1,1,0,1,2.907267e-18,0
1,1,0,1,0.0,1
1,1,0,0,0.0,1
1,1,0,0,0.0,0
1,1,0,0,0.0,1
1,1,0,0,0.0,1
1,1,0,0,0.0,1
1,1,0,0,0.0,0
1,1,0,0,0.0,1
1,1,0,0,0.0,1
1,1,0,0,3.6512882e-34,1
1,1,0,1,5.277509e-26,0
1,1,0,0,0.0,0
1,1,0,0,0.0,1
1,1,0,0,0.0,0
1,1,0,0,0.0,0
1,1,0,0,0.0,1
1,1,0,0,0.0,1
1,1,0,0,0.0,0
1,1,0,1,1.6993792e-28,1
1,1,0,0,0.0,1
1,1,0,0,0.0,1
1,1,1,1,1.0,1
1,1,0,0,0.0,1
1,1,0,0,0.0,0
1,1,0,0,0.0,0
1,1,0,0,0.0,1
1,1,0,0,0.0,1
1,1,0,0,4.7313435e-33,1
1,1,0,0,0.0,1
1,1,0,0,0.0,1
1,1,0,0,0.0,0
1,1,0,0,0.0,0
1,1,1,1,1.0,1
1,1,0,0,2.1750385e-37,1
1,1,0,0,0.0,0
1,1,0,0,0.0,1
1,1,0,0,0.0,1
1,1,0,0,0.0,0
1,1,0,0,0.0,1
1,1,0,0,0.0,0
1,1,0,0,0.0,1
1,1,0,0,0.0,1
1,1,0,0,0.0,1
1,1,0,0,0.0,0
1,1,0,1,6.3131326e-38,1
1,1,0,0,0.0,1
1,1,0,0,0.0,1
1,1,0,0,0.0,1
1,1,0,0,3.1598166e-35,0
1,1,0,0,0.0,1
1,1,0,0,0.0,1
1,1,0,0,0.0,1
1,1,0,0,5.2052907e-11,0
1,1,0,1,1.00622e-34,1
1,1,0,0,0.0,1
1,1,1,1,1.1488716e-12,0
1,1,0,0,0.0,1
1,1,0,0,0.0,0
1,1,0,0,0.0,1
1,1,0,0,0.0,1
1,1,0,0,0.0,0
1,1,0,0,0.0,1
1,1,0,1,0.0,1
1,1,0,0,0.0,1
1,1,0,0,0.0,1
1,1,0,0,0.0,1
1,1,0,0,0.0,1
1,1,0,0,0.0,1
1,1,0,0,0.0,1
1,1,0,0,0.0,1
1,1,0,0,0.0,1
1,1,0,0,0.0,0
1,1,0,0,0.0,1
1,1,0,0,0.0,1
1,1,0,0,0.0,1
1,1,0,0,0.0,1
1,1,0,1,0.0,1
1,1,1,1,1.0,1
1,1,0,0,0.0,1
1,1,0,0,0.0,0
1,1,0,0,0.0,1
1,1,0,0,0.0,1
1,1,0,0,0.0,1
1,1,0,0,0.0,1
1,1,0,0,0.0,1
1,1,0,0,0.0,1
1,1,0,0,0.0,1
1,1,0,0,0.0,1
1,1,0,0,0.0,0
1,1,0,0,0.0,1
1,1,0,0,0.0,0
1,1,0,0,0.0,0
1,1,0,0,0.0,1
1,1,0,1,2.325146e-33,1
1,1,0,0,0.0,1
1,1,0,0,0.0,0
1,1,0,0,0.0,1
1,1,0,0,0.0,1
1,1,0,0,0.0,1
1,1,1,1,1.0,0
1,1,0,0,0.0,0
1,1,0,0,0.0,1
1,1,0,0,0.0,1
1,1,0,0,0.0,1
1,1,0,0,0.0,1
1,1,0,0,0.0,1
1,1,0,0,0.0,0
1,1,0,0,0.0,1
1,1,0,0,0.0,1
1,1,0,0,0.0,1
1,1,0,1,0.0,1
1,1,0,0,0.0,1
1,1,0,0,0.0,1
1,1,0,0,0.0,1
1,1,0,0,0.0,1
1,1,0,0,0.0,1
1,1,0,0,0.0,1
1,1,0,0,0.0,1
1,1,0,0,0.0,0
1,1,0,0,0.0,1
1,1,0,0,1.1949913e-37,1
1,1,0,1,4.8928025e-29,1
1,1,0,0,0.0,0
1,1,0,0,0.0,1
1,1,0,0,0.0,1
1,1,0,0,0.0,1
1,1,0,0,0.0,1
1,1,0,0,0.0,1
1,1,0,0,0.0,0
1,1,0,0,1.9559238e-33,1
1,1,0,0,0.0,1
1,1,0,0,0.0,0
1,1,0,0,0.0,0
1,1,0,0,0.0,1
1,1,0,1,6.59834e-37,1
1,1,1,1,8.442263e-24,0
1,1,0,0,0.0,0
1,1,0,0,0.0,1
1,1,0,0,0.0,1
1,1,0,0,0.0,1
1,1,0,0,0.0,1
1,1,0,0,0.0,1
1,1,0,0,0.0,0
1,1,1,1,1.0,0
1,1,0,0,3.0222415e-38,0
1,1,0,0,0.0,1
1,1,1,1,1.0,1
1,1,0,0,0.0,1
1,1,0,0,0.0,1
1,1,0,0,0.0,1
1,1,0,0,0.0,1
1,1,0,0,0.0,1
1,1,0,0,0.0,1
1,1,0,0,0.0,0
1,1,1,1,1.0,1
1,1,0,1,3.943116e-37,1
1,1,0,0,0.0,1
1,1,0,0,0.0,0
1,1,0,0,0.0,1
1,1,0,0,0.0,0
1,1,0,0,0.0,1
1,1,0,0,0.0,1
1,1,0,0,0.0,1
1,1,0,0,0.0,1
1,1,0,0,1.064442e-22,1
1,1,0,0,0.0,1
1,1,0,0,0.0,1
1,1,0,0,0.0,1
1,1,0,0,0.0,1
1,1,0,0,0.0,1
1,1,0,0,3.4420588e-28,0
1,1,0,1,5.112844e-15,0
1,1,0,0,0.0,1
1,1,0,1,4.009609e-32,1
1,1,0,0,0.0,1
1,1,0,0,0.0,0
1,1,0,0,0.0,1
1,1,0,1,1.0834907e-24,1
1,1,0,0,1.6402187e-33,0
1,1,0,0,0.0,1
1,1,0,0,0.0,0
1,1,0,0,0.0,1
1,1,0,0,0.0,0
1,1,0,1,4.8056725e-31,0
1,1,0,0,0.0,1
1,1,0,0,0.0,0
1,1,0,0,0.0,1
1,1,0,0,3.6148667e-34,0
1,1,1,1,1.0,0
1,1,0,1,0.0,0
1,1,0,0,0.0,1
1,1,0,0,0.0,1
1,1,0,0,3.1701513e-35,0
1,1,0,0,0.0,1
1,1,0,0,0.0,0
1,1,0,0,0.0,0
1,1,0,0,0.0,1
1,1,0,0,0.0,0
1,1,0,0,0.0,1
1,1,1,1,1.0,0
1,1,0,0,0.0,1
1,1,0,0,3.3810657e-34,1
1,1,0,0,0.0,1
1,1,0,0,0.0,1
1,1,0,0,0.0,0
1,1,0,0,0.0,1
1,1,0,0,0.0,0
1,1,0,0,0.0,1
1,1,0,0,0.0,1
1,1,0,1,6.7645926e-36,1
1,1,0,1,0.0,1
1,1,0,0,0.0,0
1,1,0,0,0.0,1
1,1,0,0,0.0,0
1,1,0,0,0.0,1
1,1,0,0,8.824123e-32,1
1,1,0,0,0.0,0
1,1,0,0,8.522486e-37,1
1,1,0,1,0.0,1
1,1,0,0,0.0,1
1,1,0,0,0.0,1
1,1,0,1,8.763923e-36,1
1,1,0,0,0.0,1
1,1,0,0,0.0,1
1,1,0,0,0.0,1
1,1,0,0,2.6186067e-38,0
1,1,0,0,0.0,1
1,1,0,0,0.0,0
1,1,0,0,0.0,1
1,1,0,0,1.0,0
1,1,0,0,0.0,1
1,1,0,1,3.8141297e-34,1
1,1,1,1,1.0,1
1,1,0,0,0.0,1
1,1,0,0,0.0,1
1,1,0,1,0.0,1
1,1,0,0,2.4352002e-32,0
1,1,0,0,0.0,1
1,1,0,0,0.0,1
1,1,0,0,5.225003e-27,1
1,1,0,0,0.0,1
1,1,0,1,0.0,0
1,1,0,0,0.0,0
1,1,1,1,1.0,1
1,1,0,0,0.0,0
1,1,0,0,0.0,0
1,1,0,0,0.0,1
1,1,0,0,0.0,0
1,1,0,1,5.9684685e-32,1
1,1,0,0,0.0,1
1,1,0,0,2.5279826e-30,1
1,1,0,0,0.0,1
1,1,0,0,0.0,1
1,1,0,0,0.0,1
1,1,0,0,0.0,1
1,1,0,0,0.0,1
1,1,0,0,0.0,0
1,1,0,0,0.0,1
1,1,0,0,0.0,0
1,1,0,0,0.0,1
1,1,0,0,0.0,1
1,1,0,1,0.0,1
1,1,0,0,1.0107309e-37,1
1,1,0,0,0.0,1
1,1,0,1,0.0,1
1,1,0,1,1.0,0
1,1,0,0,0.0,1
1,1,0,0,0.0,0
1,1,0,0,0.0,1
1,1,0,0,0.0,1
1,1,0,0,2.3710643e-29,1
1,1,0,0,0.0,0
1,1,0,0,0.0,0
1,1,0,0,0.0,1
1,1,0,0,0.0,1
1,1,0,0,0.0,1
1,1,0,0,0.0,1
1,1,1,1,1.0,1
1,1,0,0,0.0,1
1,1,0,0,0.0,1
1,1,0,0,0.0,0
1,1,0,0,0.0,1
1,1,0,0,0.0,0
1,1,0,0,0.0,0
1,1,0,0,0.0,1
1,1,0,0,0.0,1
1,1,0,0,0.0,1
1,1,0,0,2.6793379e-36,1
1,1,1,1,1.0,1
1,1,0,0,0.0,1
1,1,0,0,0.0,1
1,1,0,0,0.0,1
1,1,0,0,0.0,1
1,1,0,0,0.0,1
1,1,0,0,0.0,1
1,1,0,0,0.0,0
1,1,0,1,0.0,0
1,1,0,0,0.0,1
1,1,0,0,0.0,1
1,1,0,0,0.0,1
1,1,0,0,0.0,1
1,1,0,0,0.0,1
1,1,0,0,0.0,1
1,1,0,0,0.0,0
1,1,0,0,0.0,1
1,1,0,0,0.0,1
1,1,0,0,0.0,0
1,1,0,0,0.0,0
1,1,0,0,0.0,0
1,1,0,0,0.0,0
1,1,0,0,0.0,1
1,1,0,0,0.0,0
1,1,0,0,0.0,1
1,1,0,0,0.0,1
1,1,0,0,0.0,1
1,1,0,0,0.0,1
1,1,0,0,2.5983804e-28,0
1,1,0,0,0.0,1
1,1,0,0,0.0,0
1,1,0,0,0.0,0
1,1,0,0,0.0,1
1,1,1,1,1.0,1
1,1,0,0,0.0,1
1,1,0,0,0.0,1
1,1,0,0,0.0,0
1,1,0,0,0.0,1
1,1,0,0,0.0,1
1,1,0,0,0.0,1
1,1,0,0,0.0,1
1,1,0,1,0.0,1
1,1,0,0,0.0,1
1,1,0,0,0.0,1
1,1,0,1,8.551487e-33,0
1,1,0,0,0.0,1
1,1,0,0,1.1587115e-22,0
1,1,1,1,1.0,1
1,1,0,0,0.0,1
1,1,0,1,0.0,1
1,1,0,0,7.0018814e-29,0
1,1,0,0,0.0,1
1,1,0,0,0.0,0
1,1,0,0,0.0,1
1,1,0,0,1.0,0
1,1,1,1,1.0,0
1,1,0,0,1.8524248e-33,1
1,1,0,0,0.0,0
1,1,0,0,0.0,1
1,1,0,0,0.0,0
1,1,0,0,0.0,1
1,1,0,0,0.0,1
1,1,0,0,0.0,1
1,1,0,0,0.0,0
1,1,0,0,0.0,1
1,1,0,0,0.0,1
1,1,1,1,1.0,1
1,1,0,0,0.0,0
1,1,0,0,0.0,0
1,1,0,0,0.0,1
1,1,0,0,0.0,1
1,1,0,0,0.0,0
1,1,0,0,0.0,1
1,1,0,0,0.0,1
1,1,0,0,5.878185e-37,0
1,1,0,0,0.0,0
1,1,0,0,0.0,1
1,1,0,0,0.0,0
1,1,0,0,0.0,0
1,1,0,0,0.0,1
1,1,0,0,0.0,1
1,1,0,0,0.0,1
1,1,0,0,0.0,0
1,1,0,0,0.0,1
1,1,0,0,0.0,1
1,1,0,0,0.0,1
1,1,0,1,0.0,0
1,1,0,0,0.0,0
1,1,1,1,1.0,1
1,1,0,1,1.0,0
1,1,0,0,6.330893e-20,0
1,1,0,0,0.0,0
1,1,0,0,5.0463737e-33,1
1,1,0,0,0.0,1
1,1,0,0,0.0,1
1,1,0,0,0.0,0
1,1,0,0,0.0,1
1,1,0,0,0.0,0
1,1,0,0,0.0,1
1,1,0,0,0.0,1
1,1,1,1,1.0,0
1,1,0,0,0.0,0
1,1,0,1,0.0,1
1,1,0,0,0.0,0
1,1,1,1,1.0,0
1,1,0,0,0.0,1
1,1,0,0,0.0,0
1,1,0,0,0.0,0
1,1,0,0,0.0,0
1,1,0,0,0.0,0
1,1,0,0,0.0,1
1,1,0,0,0.0,1
1,1,0,0,0.0,0
1,1,0,0,0.0,1
1,1,0,0,0.0,1
1,1,0,0,4.0770976e-20,0
1,1,0,0,1.434579e-28,1
1,1,0,0,0.0,1
1,1,0,0,0.0,1
1,1,0,0,0.0,1
1,1,0,0,0.0,1
1,1,0,0,0.0,1
1,1,1,1,1.0,1
1,1,0,0,0.0,0
1,1,0,0,0.0,0
1,1,0,0,0.0,1
1,1,0,0,0.0,1
1,1,0,0,0.0,1
1,1,0,0,0.0,0
1,1,0,0,0.0,1
1,1,0,0,0.0,1
1,1,0,0,0.0,1
1,1,0,0,0.0,1
1,1,1,1,1.0,1
1,1,0,0,0.0,1
1,1,0,0,0.0,1
1,1,0,0,0.0,1
1,1,0,0,0.0,1
1,1,0,0,0.0,1
1,1,0,0,0.0,1
1,1,0,0,0.0,1
1,1,0,0,0.0,1
1,1,0,0,0.0,1
1,1,0,0,0.0,1
1,1,0,0,0.0,1
1,1,0,0,1.3149713e-38,1
1,1,0,0,0.0,1
1,1,0,0,0.0,1
1,1,0,0,0.0,0
1,1,0,0,0.0,1
1,1,0,0,0.0,1
1,1,0,0,0.0,0
1,1,0,0,0.0,0
1,1,0,0,0.0,0
1,1,0,0,0.0,0
1,1,0,1,1.0,0
1,1,0,0,0.0,0
1,1,0,0,0.0,1
1,1,0,0,0.0,1
1,1,0,1,3.3903283e-14,0
1,1,0,0,0.0,1
1,1,0,0,1.6587102e-34,1
1,1,0,0,0.0,0
1,1,1,1,0.0,0
1,1,0,0,0.0,1
1,1,0,0,0.0,1
1,1,1,1,1.0,1
1,1,0,0,0.0,1
1,1,0,0,0.0,0
1,1,0,0,0.0,0
1,1,0,0,0.0,1
1,1,0,0,0.0,1
1,1,0,0,0.0,1
1,1,0,0,0.0,0
1,1,0,0,0.0,1
1,1,0,0,0.0,0
1,1,0,0,6.08028e-36,1
1,1,1,1,1.0,0
1,1,0,0,0.0,0
1,1,0,0,0.0,1
1,1,0,0,0.0,1
1,1,0,0,0.0,1
1,1,0,0,0.0,1
1,1,0,0,0.0,0
1,1,0,0,0.0,1
1,1,0,0,0.0,0
1,1,0,0,0.0,1
1,1,0,0,0.0,0
1,1,0,1,1.7031515e-07,0
1,1,0,0,0.0,1
1,1,0,0,0.0,1
1,1,0,0,0.0,1
1,1,0,0,0.0,1
1,1,0,0,0.0,1
1,1,0,0,0.0,1
1,1,0,0,0.0,1
1,1,0,0,3.5237212e-15,0
1,1,0,0,2.3365726e-32,0
1,1,0,0,0.0,0
1,1,1,1,1.0,1
1,1,0,0,0.0,1
1,1,0,0,0.0,0
1,1,0,0,0.0,1
1,1,0,0,6.6484465e-36,1
1,1,0,0,0.0,1
1,1,0,0,0.0,1
1,1,0,0,0.0,1
1,1,0,0,0.0,1
1,1,0,0,0.0,0
1,1,0,0,0.0,1
1,1,0,0,0.0,1
1,1,0,0,0.0,0
1,1,0,0,0.0,1
1,1,0,0,1.1830053e-27,0
1,1,0,0,0.0,0
1,1,0,0,0.0,1
1,1,0,0,0.0,0
1,1,0,0,0.0,1
1,1,0,0,0.0,0
1,1,0,0,0.0,1
1,1,0,0,0.0,1
1,1,0,0,0.0,0
1,1,0,0,0.0,1
1,1,0,0,0.0,0
1,1,0,0,3.4686552e-22,1
1,1,0,0,1.7753499e-30,0
1,1,0,0,0.0,1
1,1,0,0,0.0,0
1,1,0,0,0.0,0
1,1,0,0,0.0,1
1,1,0,0,8.3625855e-38,0
1,1,0,0,0.0,1
1,1,0,0,0.0,1
1,1,0,0,0.0,1
1,1,0,0,0.0,1
1,1,0,0,0.0,1
1,1,0,0,0.0,1
1,1,0,0,0.0,1
1,1,0,0,0.0,1
1,1,0,0,0.0,0
1,1,0,0,0.0,0
1,1,0,0,0.0,0
1,1,0,0,0.0,1
1,1,0,0,0.0,0
1,1,0,1,0.0,1
1,1,0,0,0.0,0
1,1,0,0,0.0,1
1,1,0,0,0.0,0
1,1,0,0,0.0,0
1,1,0,0,0.0,1
1,1,0,0,0.0,1
1,1,0,0,0.0,1
1,1,0,0,0.0,0
1,1,0,0,3.9782764e-36,1
1,1,0,0,0.0,0
1,1,0,0,0.0,1
1,1,0,0,0.0,0
1,1,0,0,0.0,1
1,1,0,0,0.0,1
1,1,0,0,0.0,0
1,1,0,0,0.0,1
1,1,0,0,0.0,1
1,1,0,0,0.0,1
1,1,0,0,4.71779e-33,1
1,1,0,0,0.0,1
1,1,0,0,0.0,1
1,1,0,0,0.0,1
1,1,0,0,0.0,1
1,1,0,0,0.0,0
1,1,0,0,0.0,1
1,1,0,1,0.0,0
1,1,0,0,0.0,1
1,1,0,0,3.84681e-30,0
1,1,0,0,0.0,1
1,1,0,1,0.0,1
1,1,0,0,0.0,0
1,1,0,0,7.522567e-35,1
1,1,0,1,1.0,0
1,1,0,0,1.6450038e-28,0
1,1,0,0,0.0,1
1,1,0,0,0.0,1
1,1,0,0,2.3682852e-25,0
1,1,0,0,0.0,1
1,1,0,0,7.248161e-29,1
1,1,0,0,0.0,1
1,1,0,0,0.0,1
1,1,0,0,0.0,1
1,1,0,0,0.0,0
1,1,0,1,2.7056514e-29,0
1,1,0,0,0.0,1
1,1,0,0,0.0,1
1,1,0,0,2.5194424e-38,0
1,1,0,0,0.0,0
1,1,1,1,1.0,1
1,1,0,1,0.0,1
1,1,0,0,0.0,1
1,1,0,0,0.0,1
1,1,0,0,0.0,0
1,1,0,0,1.3130867e-23,0
1,1,1,1,1.0,1
1,1,0,0,0.0,1
1,1,0,0,0.0,1
1,1,0,0,0.0,0
1,1,0,0,0.0,1
1,1,0,0,6.500576e-23,1
1,1,0,0,0.0,1
1,1,0,0,0.0,0
1,1,0,0,0.0,1
1,1,0,0,0.0,0
1,1,0,0,0.0,1
